MO,DY,1991,1992,1993,1994,1995,1996,1997,1998,1999,2000,2001,2002,2003,2004,2005,2006,2007,2008,2009,2010,2011,2012,2013,2014,2015,2016,2017,2018,2019,2020
1,1,58.2,69.9,40,79.2,56,78,78.3,72.1,77.3,71.5,85.19,40.24,83.35,82.54,87.27,83.29,73.2,83.49,85.23,85.48,77.74,85.6,81.88,73.59,85.19,82.55,85.21,83.76,70.01,68.2
1,2,39.4,64.5,40.4,75.2,73.5,66.4,83.1,41.3,79.3,74,86.38,81.94,85.75,80.73,84.73,83.16,77.23,81.95,66.26,86.79,82.81,83.28,82.48,71.96,86.76,76.29,84.77,69.21,71.9,79.96
1,3,71.3,69.8,29.4,76.8,75,82.9,77.9,45.9,78.3,72.1,82.7,76.12,82.3,75.13,85.41,78.27,86.12,83.17,78.86,85.65,78.23,81.47,82.3,61.3,85.69,78.92,82.96,80.44,83.3,81.53
1,4,71.3,65.8,54.4,78.8,74.3,78.9,79.4,46.6,74.4,73.1,81.27,70.14,81.7,77.3,77.76,82.56,86.05,64.15,80.24,87.09,79.25,82.38,81.7,77.12,86.91,67.16,82.11,80.77,79.68,79.44
1,5,71.5,74.8,44.3,77.8,74.7,77.5,77.5,17.9,75.4,73.5,78.34,37.94,89.16,74.93,82.91,81.77,83.47,47.34,80.74,87.93,59.55,83.88,82.35,53.72,83.45,71.15,79.96,80.81,80.86,29.95
1,6,73,75.4,68.5,75.3,73.2,54.8,78.3,84.4,76.5,68.4,83.2,64.19,86.25,83.44,84.82,84.25,76.82,81.5,79.53,87.98,75.01,83.77,83.4,31.82,84.2,77.5,84.38,84.31,67.92,85.42
1,7,75.2,73.1,65.6,76,74.4,72.5,75,82.4,87.4,61,61.2,76.02,87.05,78.52,50.38,72.52,59.21,72.98,77.8,86.2,81.39,84.81,81.26,87.78,82.45,81.87,83.46,82.15,65.98,83.11
1,8,75.5,71.2,73.3,78.9,74.4,53.6,60.8,79.5,67.5,68.1,53.87,53.02,86.12,58.53,75.58,50.05,75.2,73.72,79.64,88.59,80.45,85.27,79.8,88.01,75.51,73.93,80.03,82.55,74.23,75.33
1,9,71.4,73.1,81.5,63.8,76.3,74.4,77.3,12.3,41,66.8,86.07,65.23,83.23,52.18,75.42,80.78,79.72,73.64,78.63,86.66,70.41,86.2,77.98,82.78,63.05,60.38,83.7,86.24,73.2,64.26
1,10,63.9,60.6,29.2,77.6,75.8,67.5,76.1,36.7,83.2,61.7,86.43,60.44,88.1,76.23,50.83,62.19,68.79,69.39,73.05,88.76,73.09,84.95,83.81,39.02,74.43,73.51,86.04,87.8,67.66,86.74
1,11,24.7,77.4,21.9,77.2,85.7,37.9,79.5,81.2,74.5,71.9,90.44,46.97,85.34,51.7,88.38,59.95,76.99,51.88,73.88,89.65,81.27,85.26,79.27,76.83,82.96,79.92,84.43,87.53,82.26,82.55
1,12,27.3,44.2,26.1,79.8,80.4,84.7,80.6,85.3,50.6,78.2,88.39,82.35,87.95,62.06,83.76,85.01,74.35,61.15,81.23,86.03,79.14,87.01,78.99,88.16,77.52,55.1,85.91,89.9,68.84,84.63
1,13,29.7,84.1,64.3,84.1,83.8,86.3,80.6,79.7,30.3,77.5,89.49,86.49,87.38,77.17,81.54,81.53,78.69,31.15,80.58,88.73,79.41,87.44,54.91,88.49,78.43,81.12,80.39,89.31,75.6,88.88
1,14,70.8,80.7,80,77.9,78.2,85.5,82,82,48.4,77.6,89.73,85.79,87.59,74.72,79.44,81.12,75.76,33.43,90.63,86.08,64.05,87.11,77.82,88.99,76.51,90.16,77.15,91.09,73.59,87.54
1,15,75,78.1,89.3,81.3,77.3,84.6,67.8,82.5,38.2,81,90.23,76.09,82.02,89.85,78,75.56,75.05,45.44,89.16,90.29,74.04,83.66,81.56,88.15,79.74,89.13,68.33,87.95,80.88,86.11
1,16,54.2,74.6,97,50,77.1,74.8,77.2,81.7,83.5,80.9,89.54,87.28,83.28,88.44,80.35,65.91,39.72,90.52,91.02,89.29,56.74,85.28,93.38,80.8,81.59,90.3,81.37,87.15,85.17,89.94
1,17,67.5,76.7,78.6,79.4,85,71.4,80,83.2,92,28.9,88.57,86.65,89.44,22.11,70.16,75.61,82.71,89.31,81.65,88.7,58.55,88.59,87.95,85.79,77.12,86.37,83.97,90.08,90.14,89.2
1,18,82.2,41,83.2,79.8,92.4,81.7,80.1,84.6,86.5,64.3,90.31,89.75,90.88,66.26,82.36,74.53,74.66,61.29,86.78,85.08,19.68,85.91,86.35,67.53,46.22,88.48,84.93,84.82,82.04,91.08
1,19,79.3,77.9,56.8,78.6,87.1,82,83.8,83,87.2,83,86.7,91.07,88.59,87.01,74.07,66.74,42.16,80.66,82.29,87.31,78.6,86.64,88.93,92.52,91.21,87.55,74.22,83.27,74.52,86.21
1,20,76.9,73.7,85.8,79.2,85.7,66,63.7,80.9,85.6,81.9,90.01,90.52,67.9,90.05,69.68,83.38,76.39,84.2,87.46,71.5,61.88,86.21,85.73,90.46,95.16,87.45,84.98,70.21,79.38,87.34
1,21,89.2,77.3,35.9,87.2,82.8,68.7,71.6,84.4,85.6,74.6,89.28,91.81,60.03,93.48,53.22,75.2,81.09,70.72,90.41,76.73,34.09,91.87,87.72,90.04,93.97,89.44,45.91,91.59,75.59,85.23
1,22,89.1,71.2,80,82.5,82.9,52.3,75.6,81.6,83.2,78.9,89.04,89.45,43.3,93.82,60.22,86.06,86.29,35.65,87.49,87.6,55.34,90.49,87.98,92.27,94.37,85.63,76.54,89.76,74.7,85.3
1,23,86.9,74.7,81.2,83.6,80.2,14.9,82.9,84.4,86.8,77.8,89.87,90.73,85.77,71.48,85.45,87.73,94.48,58.95,88.64,84.23,71.88,89.94,90.91,90.71,92.3,86.64,80.86,82.91,74.15,84.03
1,24,87.6,66.2,67.3,78.8,75.4,80,43,71.8,83.5,75.7,81.33,82.3,94.78,94.76,83.94,86.98,94.33,77.81,78.82,84.57,68.93,94.45,91.41,91.22,92.9,89.24,89.88,82.17,84.93,91.33
1,25,88,74.3,76.5,85.4,65,83.3,65.3,79.2,87.3,74,88.02,83.45,85.73,86.14,84.38,93.91,87.74,67.01,82.47,84.3,50.5,94.95,92.89,90.01,92.23,75.91,95.56,83.71,86.45,90.59
1,26,78.6,67,77,83.8,80.5,92.9,85.6,94,87.8,78.5,86.87,92.34,88.77,92.27,86.32,91.32,75.76,68.94,88.88,82.64,84.98,95.11,86.78,83.55,93.24,71.47,91.44,86.27,80.66,92.93
1,27,78.5,72.1,77.3,86.4,79,88.3,81.7,91.8,89.8,78.8,75.3,93.97,86.87,96.7,88.74,88.73,92.14,57.29,90.87,82.33,93.18,94.5,90.22,88.09,96.66,79.8,92.05,78.73,71.16,97.87
1,28,78,41.1,77.2,78.5,80.8,85.3,83.1,65.7,91.5,78.5,96.9,94.08,83.52,94.43,88.36,77.02,97.37,74.48,93.86,80.59,81.69,93.15,88.48,52.88,96.39,91.79,76.07,97.38,69.28,96.82
1,29,82.2,89.1,77.9,85.5,38.3,92.4,80.4,86.4,90.5,70.3,97.87,90.99,94.34,92.97,96.39,79.1,91.36,87.8,95.05,90.1,82.02,88.17,71.27,85.34,97.11,91.93,81.52,93.63,76.56,85.98
1,30,81.2,28.1,77.8,81.6,93,92.3,86.2,83.1,87.4,80.7,98.12,83.11,44.03,89.54,97.4,89.08,60.66,86.86,85.31,91.83,87.17,89.4,81.6,44.71,96.88,95.69,93.62,52.71,78.45,84.52
1,31,76.3,68.2,83.1,89.8,90.7,92.7,75.8,86.9,93.8,80.5,97.91,91.98,81.65,91.4,99.09,77.8,69.7,99.32,92.84,95.05,93.48,92.43,59.58,92.67,96.84,98.79,86.65,92.02,85.59,89.43
2,1,82.5,57.8,82.9,82.2,81.1,85.4,87,92.6,96.4,92.8,97.45,91.84,93.07,94.27,97.94,93.08,46.61,96.72,88.73,95.07,89.94,93.03,89.95,85.68,89.56,94.55,78.71,91.34,88.53,80.2
2,2,83.1,80.7,64.5,80.3,87.7,84.3,97.2,93,94.4,94.8,98.16,73.26,95.93,88.45,96.62,91.94,71.24,100.63,92.87,94.85,95.78,79.13,86.77,90.3,95.45,88.27,77.27,95.87,92.76,87.65
2,3,68.1,32.8,83.1,84.9,87.9,83.1,94.3,96.6,102.1,99.4,101.23,89.09,93.65,67.24,96.89,70.51,76.59,101.61,93.27,96.09,96.42,84.59,98.62,95.95,96.76,66.01,94.95,101.43,83.21,96.83
2,4,77.8,87,68.2,89.2,85.3,78.1,89.7,91.6,100.2,96.8,98.08,92.67,88.47,63.02,96.55,87.22,93.78,102.8,99.02,80.51,98.3,88.3,102.63,94.02,96.38,97.61,98.45,102.52,97.5,91.77
2,5,84.9,80.5,72.7,80.3,68.5,87.4,76.4,98,87.2,97.4,95.24,101.89,85.8,97.02,94.81,87.84,86.34,102.6,97.4,89.95,97.05,90.25,103.04,92.27,98.78,102.46,80.75,101.3,86.6,70.55
2,6,68.8,77.1,56.8,91.2,54.6,84.9,91.7,101.9,97.4,95.5,95.59,102.97,95.27,91.16,95.43,88.68,87.15,101.96,71.3,78.88,91.43,95.65,104.41,93.27,96.52,103.58,60.17,102.47,101.09,83.2
2,7,76.8,76.3,82.7,84.6,67.3,88.3,86.5,102,96.5,87.2,96.67,96.81,95.64,105.05,100.82,78.98,85.1,103.46,59.09,96.49,94.91,94.04,98.71,89.98,95.66,99.05,94.96,99.27,104.16,97.93
2,8,88.2,80.8,82.2,83.3,71,86.2,91.6,100.9,95.4,86.4,77.07,104.01,97.23,105.18,95.07,89.75,93.67,98.31,101.54,97.84,79.49,92.23,104.71,65.86,92.98,95.78,88.85,101.14,100.21,100.42
2,9,87.4,85.6,85,89.2,89.5,86.9,89.6,101.3,74.8,101.4,97.42,99.62,96.16,107.18,100.45,99.58,95.89,102.58,101.43,92.01,95.05,95.95,105.41,92.81,100.05,97.3,79.55,100.95,95.54,80.76
2,10,88.3,85.9,88.1,82,89.9,84.4,92.1,95.4,97.7,87.4,96.3,102.21,81.77,105.33,100.91,77,89.34,103.13,97.52,96.02,94.15,101.38,105.06,107.16,81.65,99.37,97.26,85.18,78.21,75.23
2,11,81.9,98.4,79.7,93,86.1,90.3,84.3,78.3,96.3,89.9,100.3,102.44,99.42,106.66,92.52,86.72,88.06,104.38,79.47,99.15,96,97.23,103.74,102.97,92.05,98,73.87,87.27,75.35,80.03
2,12,95.7,83.3,74.2,82.3,92.5,77.4,82.9,100.8,72.9,102.6,104.26,96.89,98.42,105.39,64.52,67.75,97.2,104.63,93.41,103.12,106.25,99.33,105.45,106.28,97.92,105.86,85.88,83.31,105.55,104.76
2,13,99.9,91,78,83.9,87.6,87.3,92.2,97,84.8,98.9,94.48,103.78,96.81,105.12,72.26,84.18,93.69,102.68,100.52,93.98,103.1,94.12,95.55,109.3,86.44,109.01,76.32,96.75,103.76,107.35
2,14,82.1,93.9,87.4,88,91.4,95.3,91.6,96.9,57.2,110.7,96.2,90.87,94.81,107.15,81.9,89.49,105.46,101.94,90.1,105.29,96.83,95.03,102.34,106.3,71.8,107.44,51.24,83.92,88.77,109.09
2,15,109.4,83.2,91.1,87.4,88.8,85.9,94.2,98.7,100.4,104.7,87.98,104.79,96.41,101.51,62.78,77.35,110,102.98,82.73,100.57,104.65,99.78,108.05,104.66,96.03,109.12,54.48,98.33,79.83,107.52
2,16,90.2,83.2,94.5,90.7,89.3,73.2,103.1,100.5,56.6,113.2,97.08,107.51,104.81,89.27,96.73,97.35,100.76,94.16,90.01,104.34,100.44,95.41,107.62,96.55,96.88,107.04,42.13,101.88,88.62,104.88
2,17,86.7,81.1,96,93.1,82.3,59.5,112.8,104.4,98.4,105.9,96.91,106.23,102.82,92.66,93.19,46.66,96.36,97.57,90.2,106.81,100.19,99.48,99.33,104.7,101.26,110.07,103.24,103.89,98.7,99.74
2,18,87,96.4,86.5,89.4,88.7,71.2,110.4,103.9,95.1,102.3,101.81,68.21,107.55,92.2,108.43,74.3,96.39,107.58,89.01,106.77,101.03,107.28,102.12,112.91,104.02,108.15,104.77,103.98,98.77,87.05
2,19,85.7,88,78,89.6,52.4,102.2,111.7,106,107.9,112,109.95,105.28,99.09,94.84,108.34,86.97,111.34,102,97.67,107.84,109.85,96.16,105.27,111.96,106.99,108.34,82.25,97.03,103.37,101.3
2,20,91.5,86.3,96.2,91.2,101,98.9,116.7,101.9,86.2,115.6,99.18,112.52,95.73,93.55,106.67,62.38,112.51,83.34,94.96,109.97,104.23,90.3,107.89,113.29,104.99,110.94,51.91,83.5,111.63,82.2
2,21,94.8,89.3,82.2,95.2,99.8,83.8,117,108.6,61.5,107.6,99.65,110.29,78.32,102.41,105.55,100.83,104.92,94.3,97.48,109.14,98.2,95.95,106.13,112.99,109.15,112.32,85.6,90.61,106.59,101.98
2,22,92.5,84.3,80.1,92.6,101.2,95.8,116.4,100.1,102.1,108.2,63.55,108.28,83.79,97.36,103.79,98.52,103.95,112.23,78.23,109.89,97.69,102.55,108.26,113.48,104.48,97.08,98.35,82.42,63.15,101.42
2,23,104.1,103.5,75.1,98,93.8,98.6,112.2,99.9,107.7,104.5,82.41,104.96,81.12,101.8,96.28,90.67,106.43,109.77,93.45,109.43,94.88,100.52,106.44,109.72,113.67,101.69,100.58,73.56,94.25,94.41
2,24,93.2,97.2,101.3,94.2,96.6,99.9,100.2,111.7,111.6,103,102.52,106.74,82.34,98.95,83.22,113.77,111.97,110.02,95.7,108.73,97.11,101.79,105.26,93.94,112.58,96.02,82.17,40.83,91.63,94.33
2,25,113.9,108.6,98.4,95,98.2,103.2,79.6,104.1,113.5,112.9,93.91,101.14,71.32,109.04,68.57,118.35,107.62,114.01,107.09,108.98,103.05,90.83,112.01,106.74,106.21,100.58,51.05,110.56,104.41,91.11
2,26,96.2,87.7,95.2,98.1,99,101.9,115,109.5,99.1,117.6,101.21,99.63,92.02,113.81,102.93,117.9,104.48,110.12,104.58,106.08,105.64,113.32,111.02,106.81,104.3,101.56,106.98,81.45,109.73,111.73
2,27,93.8,88.6,96.6,90.9,100.5,104,88.2,89.8,110,118.6,102.04,104.68,101.1,115.21,60.89,118.43,98.08,97.85,113.38,109.38,106.03,116.72,100.02,109.88,115.96,92.13,115.43,103.1,70.93,110.73
2,28,98.2,90.3,95.4,100.4,100.6,115.4,102.2,114.9,105.9,121.4,100.86,98.63,105.45,115.26,83.3,120.23,105.31,103.52,92.32,104.12,107.81,100.7,107.02,107.92,118.91,101.56,117.95,114.06,104.38,115.47
3,1,94.8,89.9,100,99.6,95.9,114,98.2,105.3,85.8,116.3,104.11,91.52,110.13,117.37,117.98,119.44,104.77,110.13,72.69,86.23,100.01,108.41,113.47,114.59,113.85,102.7,99.79,99.28,112.98,106.8
3,2,89.2,96.5,102.8,109.5,74.1,104.2,105.4,103.4,104.2,104.9,106.66,30.48,114.3,117.27,115.37,121.29,102.86,111.34,115.78,107.18,107.68,111.8,109.16,113.3,114.05,118.12,102.42,109.86,114.32,105.02
3,3,102.7,102.3,104.6,105.5,92.7,107.6,93.2,101.5,100.7,108.2,104.11,101.38,114.96,116.62,115.75,114.98,120.8,117.07,103.61,114.92,111.23,108.44,110.36,98.52,110.94,121.32,101.27,120.51,96.91,103.91
3,4,78.3,98.6,105.7,107,92.6,99.5,102.6,109.9,95.8,103.8,46.57,113.93,103.73,120.38,107.2,116.16,109.8,118.24,94,111.57,106.98,103.71,117.11,86.98,114.23,101.91,108.88,115.8,115.6,114.1
3,5,21.2,94.3,99,82.1,94.5,89.2,82.2,105.1,108.4,104.3,88.73,101.45,110.7,116.93,116.47,119.46,103.16,105.49,104.93,105.59,105.08,122.23,114.48,107.23,107.82,88.07,114.29,87.63,110.8,116.77
3,6,99.7,96.9,106,102.3,81.4,99.8,110.7,76.5,105.1,105.3,112.05,82.29,106.26,118.24,120.64,114.73,108.43,115.89,105.63,113.31,108.07,111.02,99.63,114.73,66.53,104.39,113.13,121.08,115.95,113.69
3,7,101.9,95.5,105.7,102.4,103.6,94.8,101.5,48.5,105.7,106.3,84.27,111.04,107.83,120.27,116.65,120.94,109.77,115.99,109.73,115.63,116.43,106.67,102.71,116.17,109.78,104.02,112.84,119.15,118.86,116.73
3,8,85,123.4,102.7,109.2,98,94.6,98.9,121.9,92.3,108.5,108.96,105.79,109.07,121.56,106.45,122.42,115.05,120.7,120.35,115.95,89.74,109.25,111.09,110.86,118.44,96.73,112.3,121.6,116.98,118.29
3,9,103.4,109.4,103.4,93.2,90.2,112.6,57.3,108.9,107.4,109,121.52,56.02,112.19,124.77,114.29,121.95,108.21,119.79,120.51,120.59,114.98,109.21,107.76,97.05,116.1,110.46,116.99,120.1,120.44,110.16
3,10,100.9,104.3,104.5,88,99,95.4,109.8,119.4,92.4,116.4,119.74,123.18,82.91,120.07,110.95,107.57,122.56,122.96,106.14,121.39,115.38,112.12,109.72,98.24,114.91,119.44,90.91,117.37,120.68,115.7
3,11,109.9,117.7,102.9,90.8,18.7,101.6,71.4,113.7,116.3,100.3,117.45,121.23,114.98,123.53,116.79,77.55,120.43,124.63,99.18,125.45,97.05,112.41,119.45,98.45,121.84,114.64,36.23,118.27,110.88,120.19
3,12,91.4,105.1,102.2,108,117.6,78,85.6,119,114.7,111.5,113.73,126.47,117.05,118.82,78.52,109.16,120.75,121.06,107.42,122.55,102.44,121.52,127.66,117.73,118.92,110.46,118.81,115.49,121.68,122.87
3,13,104.6,104.7,75.5,113.2,101.2,66.3,93,112.3,114.5,109.7,92.62,121.02,106.68,121.01,87.66,113.22,121.12,127.92,118.37,125.54,74.37,118.32,124.76,109.64,117.38,117.29,63.52,117.9,126.48,111.66
3,14,99.3,93.5,115,113.9,112,104.1,84.9,126.6,111.5,111.2,83.18,126.98,122.98,122.88,109.4,111.88,117.88,125.11,119.97,125.55,97.42,122.69,121.56,116.78,118.91,99.76,91.42,116.53,112.49,96.78
3,15,119.7,111.5,95.3,107.9,98.2,107.1,98.2,120.6,106.9,113.2,121.77,118.48,120.44,124.55,116.16,113.8,119.37,107.63,126.09,125.99,91.88,127.1,117.73,124.88,91.8,100.57,85.01,120.24,120.64,59.44
3,16,106.9,75.1,106.5,55.3,65.8,110.2,68.5,84.1,116.2,123.2,122.44,119.55,114.91,127.48,114.8,117.64,116.89,104.4,122.7,131.37,78.66,123.25,126.15,129.6,98.11,75.8,72.12,63,103.67,115.96
3,17,105,52.7,90.2,116.1,107.7,112,109.6,124.5,116.5,123,76.4,89.77,124.95,125.7,110.12,119.03,99.4,112.74,121.36,127.81,91.7,103.24,125.25,129.63,94.74,71.41,88.06,118.89,119.83,121.49
3,18,97.2,41.8,116.8,100.7,117.3,113.4,104.4,121.2,110.8,121.2,123.07,125.63,121.96,117.23,116.03,92.94,109.53,112.87,117.55,132.15,105.03,121.88,100.37,127.84,86.57,83.64,108.89,110.98,127.03,116.16
3,19,103.4,97.4,95.6,111.2,117.2,109.8,115.3,79,116.1,118.6,98.19,131.84,110.6,108.9,121.43,120.55,125.74,113.05,122.35,101.75,127.82,100.84,115.4,114.62,78.77,111.88,64.2,111.91,118.62,101.84
3,20,112.1,59.4,104.7,88.1,59.5,109.9,121.2,84.5,118.5,130.1,113.9,124.91,113.75,114.04,126.38,116.84,121.35,120.09,118.92,121.48,131.65,106.48,85.03,121.05,103.88,115.04,82.45,116.1,95.76,123.78
3,21,138.6,84.1,59.3,89,46.8,81.7,108.9,121.7,129.7,117.4,119.17,114.84,108.22,92.88,110.51,96.73,119.82,111.77,113.78,107.79,133.11,100.32,124.7,107.18,105.23,115.53,129.67,119.15,93.95,106.12
3,22,116.9,103.7,121.6,125.3,39.7,125.5,86.7,129.6,128.3,133.8,83.41,116.77,113.7,113.73,114.2,116.81,107.52,122.4,123.08,115.1,131.12,69.2,126.89,115.16,98.58,89.41,95.13,124.19,118.23,126.02
3,23,48.7,85.8,112.1,116.9,107.3,94.6,137,123.3,126.9,131.2,134.76,103.83,119.33,120.02,122.91,126.74,119.71,128.66,118.31,125.57,129.91,89.9,101.29,125.99,114.84,117.95,76.29,124.65,116.85,129.46
3,24,108,112.7,112.2,119.9,118,107.7,98.7,103.9,126.8,123.6,131.31,122.8,125.4,127.79,126.7,128.23,125.63,131.73,101.16,116.59,118.08,96.13,118.85,117.12,104.47,128.27,115.38,133.67,100.52,127.33
3,25,115.6,112.8,62.4,122.2,111.8,63.4,130.8,88.4,129.6,101.2,134.84,127.19,114.21,131.28,123.16,117.74,108.77,131.51,87.69,127.57,128.01,101.52,112.72,116.41,126.21,130.67,98.63,125.24,73.62,120.24
3,26,116.4,109.5,112.6,127.1,120.7,103.3,127.8,95.3,116.3,124.4,128.86,123.24,88.61,130.15,72.75,130.24,98.45,128.06,99.33,105.73,124.02,106.48,126.59,111.41,95.26,130.88,106.94,133.71,91.81,116.79
3,27,105.2,111.6,134.9,124.7,130.2,129.6,125.6,121.9,122.4,125.3,135.87,121.77,107.94,106.68,97.14,98.66,119.36,122.24,93.52,129.12,111.44,111.52,126.45,129.34,121.36,124.81,122.33,131.05,124.14,122.64
3,28,112.6,109.3,129.1,121.9,116.4,130.5,127.9,121,127.1,123.4,129.04,127.59,98.22,85.99,66.09,107.57,130.66,110.01,93.98,121.38,93.63,116.04,116.04,123.22,126.17,83.87,129.24,130.14,118.66,114.61
3,29,109.2,94.6,133.4,123.3,132.6,124.2,123.6,109.9,126.1,122.4,126.4,120.88,105.95,89.84,118.52,121.88,135.12,129.18,130.17,118.84,95.49,118.28,110.34,108.27,129.7,117.92,117.19,133.91,123.79,98.62
3,30,70.3,109.2,45.5,121.1,115.5,117.6,121,102.8,128.6,134.9,120.8,108.74,118.06,106.67,123.69,135.88,128.59,130.94,132.23,117.84,111.4,118.7,125.31,121.88,132.09,113.72,116.34,122.73,123.72,124.39
3,31,114.4,92.9,82.2,134.7,122.3,120.1,97.4,120.1,129.7,124.1,127.22,88.08,128.34,120.52,130.8,132.21,130.61,133.66,132.2,125.04,82.75,107.95,85.1,133.38,124.3,109.21,118.45,74.23,111.21,128.16
4,1,116.2,99.9,127.1,117.6,114.2,119,117.9,131.8,122.4,123.7,134.76,118.96,117.73,121.05,130.32,47.57,123.92,135.48,111.66,126.62,97.57,110.92,124.37,116.52,125.68,92.76,123.8,72.25,94.59,125.27
4,2,115.3,99.1,121.4,126.7,122.4,115.8,120.8,128.1,122.2,97.8,134.66,134.57,128.42,122.77,124.95,127.12,130.27,135.87,89.09,129.04,116.62,103.31,121.77,98.52,135.85,103.28,127.19,95.23,97.91,103.12
4,3,97.9,127.7,124.5,129.3,122.2,118.8,119.8,130.8,123.5,87.7,138.23,118.4,125.27,123.38,134.88,127.43,106.3,121.83,60.37,130.91,101.45,106.36,108.48,117.5,135.33,136.97,119.98,104.34,120.14,124.16
4,4,114.5,123.8,109.1,126.6,81.5,124,124.3,130.8,122.8,132.6,134.95,136.36,132.84,123.16,125.27,124.1,113.89,121.84,132.4,102.25,109.84,123.48,123.12,128.54,112.14,119.77,129.8,100,111,126.77
4,5,113.7,110.6,118.3,110,73,101,97.1,133.8,122.2,111.6,136.77,125.35,134.84,109.09,127.04,93.69,121.39,119.97,137.77,83.47,89.26,125.8,128.12,141.64,116.27,125.4,126,97.47,84.5,127.09
4,6,111.7,112.5,132.8,117.4,51.3,116.8,129.8,130.8,123.8,116,127.86,128.42,126.93,129.13,130.7,112.16,131.26,101.09,130.06,101.24,114.53,75.35,126.56,139.62,84.55,138.93,126.02,64.21,121.39,135.7
4,7,115.9,124.5,117.9,124.4,130.2,122.4,119.9,127.1,128.5,125,131.24,128.95,131.23,125.86,132.35,121.49,119.91,107.82,138.29,109.8,115.38,91.57,127.07,143.5,63.7,131.93,126.77,125.22,109.55,126.86
4,8,87.7,118.5,74.2,126,116.3,113.3,121.7,114.5,124.8,128.5,133.62,109.78,128.68,121.9,131.47,131.53,103.1,119.2,124.27,107.34,128.6,56.14,139.76,134.39,103.38,132.47,124.49,133.23,120.04,126.02
4,9,68.9,115.1,95.8,124.4,122.8,98,121.8,110.3,133.9,125.4,129.05,77.43,127.1,114.15,130.7,86.38,129.34,90.37,99.06,82.96,127.12,124.74,136.46,125.86,116.28,134.94,130.46,137.7,103.38,131.85
4,10,38.4,119.8,128.4,124.2,124.5,122.2,134.4,130.9,128.2,123.1,140.9,50.43,135.35,123.78,125.52,135.09,117.52,72.05,132.79,123.59,94.57,103.7,126.08,132.16,108.9,134.14,122.03,121.46,79.13,122.14
4,11,99.3,128.9,133.3,119.9,71.1,109,133.4,136.2,122.7,136.9,136.9,113.7,138.6,100.6,110.49,129.42,114.88,110.46,133.48,119.16,88.77,130.23,135.06,133.66,124.49,134.94,134.3,117.14,105.74,128.09
4,12,122.7,127.9,122.4,113,108.4,74.7,134.6,132.8,123.4,138.3,134.87,136.88,101.23,87.55,133.85,129.54,106.11,121.97,135.36,108.6,116,126.64,129.86,135.12,124.45,119.91,116.11,131.81,102.83,92.95
4,13,121.6,128.9,120.5,92.3,126.5,122.9,131.4,129.2,125.3,139.3,133.56,142.73,105.01,77.77,130.66,133.16,133.09,97.03,139.28,88.27,114.95,134.45,126.66,128.05,87.77,58.16,139.27,136.26,122.4,92.81
4,14,106.7,126.5,122.2,83.7,124,92.8,133.2,128.3,125.2,137.8,131.73,141.37,138.99,125.33,133.5,129.95,137.15,106.77,136.34,128.57,101.8,113.77,130.18,133.56,113.88,120.78,132.29,134.04,147.16,107.04
4,15,84.5,127.3,117.5,132.1,128.8,69.6,120,132.1,125.1,138.6,135.75,140.14,121.33,139.1,137.26,134.15,137.76,125,127.34,101.04,109.29,130.44,122.81,130.62,125.43,142.46,129.94,119.18,140.53,131.7
4,16,82.1,124.7,130.3,51.6,124.3,106.9,124,131.8,126.5,125.3,132.37,140.91,135.57,144.77,127.84,112.98,131.96,137.66,132.81,109.48,106.22,116.38,131.35,114.52,131.72,140,124.16,138.15,128.27,120.61
4,17,93.4,121.4,125.6,116.5,132,90.7,122.9,131,131.5,133.5,138.31,140.5,124.21,148.01,102.88,106.99,129.44,133.04,98.88,140.98,106.91,113.19,124.91,129.98,138.63,145.68,129.66,132.53,136.68,132.16
4,18,61.3,124.6,108.2,144.4,144.8,127.3,68.5,97.8,95.4,74.5,139.84,143.32,129.3,136.18,128.38,133.87,116.95,131.84,131.37,137.99,88.74,138.53,135.85,134.55,131.17,148.09,128.23,129.66,139.12,134.26
4,19,118.2,123,126.2,146,90.7,125.2,144.4,131,137.9,94.7,138.9,136.17,129.55,119.85,128.73,113.59,127.54,103.19,132.11,140.41,133.64,134.49,134.06,128.6,133.31,146.09,105.73,132.24,143.35,116.3
4,20,103.6,117.1,125,140.9,127.2,115.2,122.4,131.9,130.1,137.6,116.48,143.89,117.34,119.31,141.88,131.25,110.7,128.7,125.2,133.72,126.02,132.85,136.31,141.34,128.38,129.38,132.8,112.84,142.41,95.97
4,21,120.2,119.1,129.1,133.4,121.7,88.7,143.9,135.6,132,135.5,94.71,141.59,132.48,134.4,138.57,110.96,128.33,106.12,132.03,133.44,130.93,113.23,135.98,126.73,130.47,110.4,141.32,125.31,135.89,75.52
4,22,116.1,120.1,126.4,127,101,132.9,139.7,134.9,135.7,137.2,96.02,147.19,116.1,134.67,137.16,92.79,118.27,114.03,135.46,121.27,128.02,116.91,131.84,102.05,132.95,140.35,148.12,90.05,123.63,103.65
4,23,119.6,132.3,143,139.1,128.8,126.5,135.3,136.3,133.7,136.8,138.59,143.25,138.38,135.25,143.08,104.27,126.86,141.96,134.77,127.49,134.66,87.3,119.88,136.07,132.95,129.28,143.92,128.66,132.91,136.35
4,24,124,128,116.8,134.1,132,126.4,145.8,134.5,133.8,133.1,144.02,145.88,145.12,128.23,122.14,121.64,119.71,145.16,135.42,115.45,131.2,84.03,118.57,139.09,136.41,107.27,144.27,108.13,135.05,144.76
4,25,126.6,134.1,92.8,88.2,142.6,125.6,146.4,134.7,142.1,108.7,139.9,138.91,149.56,67.67,82.32,136.09,135.68,144.38,139.02,127.95,123.59,135.27,90.86,139.21,117.56,139.4,127.07,50.32,140.17,132.51
4,26,126,118.6,134.8,133.8,138.9,109.1,141.6,143.3,137.7,134.2,141.77,141.62,142.95,134.57,68.9,124.32,134.45,142.24,137.74,113.27,142.3,136.24,71.46,136.06,141.51,141.76,130.15,129.48,68.62,133.05
4,27,156.7,133.1,133.3,140.2,132.4,129.3,141.9,107.7,135,141,129.7,148.28,124.11,132.12,134.77,138.92,136.23,142.14,126.3,133.23,139.66,134.66,43.77,133.3,141.64,144.84,97.16,140.73,89.17,139.2
4,28,126.4,131,144.6,150.1,123.2,126.3,132.3,154,89.9,128.4,123.33,144.13,121.89,133.62,81.22,139.24,136.57,148.09,131.52,140.16,129.18,123.58,110.73,139.45,134.39,139.43,106.54,134.65,133.52,130.75
4,29,122.5,137.8,137.5,144.4,139.8,143,148.9,83.7,136.3,140.7,136.85,150.48,123.12,139.38,140.27,120.45,133.62,140.58,138.72,128.59,133.48,132.73,106.25,112.9,129.19,136.7,88.1,135.3,129.3,136.38
4,30,126.8,122.2,133.2,147.6,123.2,139.1,120.2,128.6,149.3,141.1,136.63,144.91,138.84,135.16,145.3,130.45,129.27,97.96,140.15,122.78,116.91,138.92,125.62,122.16,128.24,87.63,75.26,136.78,139.43,129.77
5,1,132.7,109.1,118.9,132,140.3,135.6,133.1,140.3,145.8,144.8,129.12,140.33,131.52,94.27,146.21,126.89,125.27,102.22,144.28,118.48,129.22,107.71,135.27,136.61,137.47,124.56,131.66,128.09,127.32,139.45
5,2,138.9,140.4,128.3,130.4,145.8,125.5,104.9,137.1,148.1,52.3,134.48,142.87,131.79,123.45,147.38,123.05,135.82,120.73,134.84,77.41,120.88,130.1,144.34,122.8,139.98,146.84,134.84,114.55,113.38,129.26
5,3,144.1,129.1,125.3,132,142.5,135.4,134.4,136.7,150.6,50.4,137.91,145.12,134.05,133.02,140.61,110.36,131.12,116.26,134.21,99.23,124.43,129.21,140.77,121.25,136.81,133.94,140.46,135.25,101.09,142.51
5,4,83.3,132.7,134.9,134,133.5,127.9,129,136.1,135.5,146.3,140.33,141.49,137.6,130.14,126.25,128.78,138.54,133.84,135.84,108.04,123.01,145.37,128.16,121.3,121.29,147.33,135.67,106.84,96.81,138.63
5,5,125.3,140.2,145.4,131.4,136.1,132.7,144.7,141.1,138.1,142.8,135.32,138.26,137.6,143.66,154.3,126.98,129.02,133.88,135.14,128.08,146.81,138.38,132.57,144.52,138.43,141.41,135.53,133.09,133.38,138.68
5,6,128.2,140.5,151.8,140.2,134.4,132.4,112.4,134.9,150.9,143.3,140.57,141.54,133.73,143.67,141.76,135.38,136.25,137.88,122.68,133.01,146.52,124.48,123.98,151.94,138.26,141.71,134.7,142.61,113.19,122.6
5,7,126.8,137.3,137.2,126.7,145.7,134.4,132.9,142.6,150.9,137.8,151.02,134.64,131.27,150.43,143.25,137.08,134.23,138.38,129.81,145.07,143.41,133.7,114.88,138.16,125.9,131.56,100.84,143.89,135.09,115.56
5,8,121.9,156.3,123.9,127.4,139.9,101.6,118,142.7,152.1,136.9,143.13,141.62,123.01,145.38,135.63,125.3,128.7,141.61,128.83,142.45,144.4,136.73,141.22,136.02,69.14,122.68,138.25,142.61,94.92,134.23
5,9,123.6,147.8,124.3,137.2,138.5,119.7,151.8,140.7,149.8,137.4,137.16,141.47,133.27,145.94,136.84,116.81,133.16,135.33,134.85,138.46,140.97,137.92,135.53,110.85,106.62,100.66,132.55,104.12,114.65,104.81
5,10,124.1,137.1,125.8,121,132.3,131.6,147.7,141.3,153.3,149.5,137.57,138.84,135.9,147.48,136.09,135.84,139.88,140.53,135.97,142.64,143.58,133.94,129.95,122.82,143.65,112.42,103.02,148.97,129.73,134.88
5,11,128.8,153,121.1,151.5,139.2,128.3,145.2,143.5,153,141.2,143.17,141.11,138.05,150.25,136.41,131.91,145.84,135.8,137.1,140.33,140.66,132.63,138.98,118.42,140.71,125.08,123.59,144.02,102.45,128.8
5,12,132.7,142.2,93.1,150,144.3,68.3,149.4,141.7,147.6,147.9,147.35,139.37,129.14,151.91,132.47,129.12,139.31,136.48,121,143.14,143.23,139.88,115.62,133.37,138.03,128.11,127.34,132.68,58.37,106.77
5,13,138.3,150.7,126.6,146.3,140.1,93.7,137.8,143.6,147.3,146.8,144.81,143.82,127.12,147.17,107.75,112.89,142.88,139.97,123.1,139.59,141.32,133.77,136.71,109.63,127.15,140.74,130.05,143.77,128.6,130.45
5,14,126,134.6,139.3,109.8,139.6,132.4,139.9,144.5,147.3,134.6,147.62,142.71,138.67,149.62,145.62,135.17,137.41,144.8,134.21,107.39,133.5,138.82,124.31,135.28,139.85,143.27,122.82,138.53,140.82,138.69
5,15,126.2,138.9,134.3,99,140.4,135.8,149.7,144.4,140,146.9,148.16,144.06,112.8,147.82,139.51,116.03,126.25,139.7,128.15,125.13,143.52,143.91,130.43,141.69,137.39,149.23,144.66,136.09,140.52,146.87
5,16,128.2,130.9,137.6,137,140.8,135.9,148.1,144.3,146.5,146.6,143.8,142.47,120.11,150.44,144.66,120.77,120.69,142.37,127.05,136.76,139.95,136.52,136,148.76,132.62,148.91,137.52,131.09,136.41,131.27
5,17,138.4,138.4,129,131.2,144.4,132.4,148.6,145.3,144.5,147,142.17,143.91,118.85,143.52,142.64,139.3,146.75,136.02,116.82,128.13,146.23,128.88,130.49,119.7,136.21,145.34,122.91,128.23,96.05,141.56
5,18,128.2,139.8,133.3,132.5,134.2,134.8,122.3,145.4,153,137.4,138.78,143.8,124.49,136.7,136.85,137.74,145.59,111.22,125.7,144.02,147.2,137.62,135.45,130.35,133.59,147.62,133.27,108.48,86.37,140.9
5,19,126.9,140.1,128.4,99.2,143.6,130.3,145.7,145.5,149.6,148.4,145.98,144.94,125.41,142.68,100.58,142.79,139.35,126.53,126.94,148.9,141.2,142.87,123.52,149.09,136.78,147.34,142.75,123.08,136.03,143.29
5,20,139.6,145.3,143.5,124.2,133.8,146.3,150.1,143.3,152.3,150.3,141.62,146.38,136.08,141.04,90.11,138.79,134.51,114.09,135.37,143.16,135.22,139.27,121.17,148.43,136.75,150.45,129.22,134.09,117.28,99.93
5,21,126.9,135.6,138.7,135.7,129.5,146.2,122.5,144.7,150.5,148.2,141.98,145.38,135.99,151.89,111.61,143.41,144.62,127.57,134.47,146.53,126.51,140.38,123.54,141.83,139.47,143.86,110.34,143.88,136.01,128.03
5,22,128.7,132.2,126,137.7,140.3,122,128.4,145.7,144.8,149.8,142.12,147.99,131.2,147.37,132.28,134.43,150.88,130.9,141.44,139.95,128.72,138.92,131.48,140.84,140.52,139.6,129.51,147.23,130.34,143.61
5,23,121.1,148.4,133.4,140.4,134.5,139.1,59.9,143.4,148.5,147.6,146.22,145.71,127.78,149.42,119.65,131.51,149.1,137.45,149.34,147,103.32,136.03,131.3,149.91,136.23,140.05,122.17,144.87,143.65,140.02
5,24,127.7,112,139.6,141.5,106.4,144.8,112.5,146,153,149.2,139.31,151.38,136.14,144.66,134.15,126.06,147.59,137.24,147.55,145.32,84.26,142.23,133.76,142.53,126.56,143.28,123.32,141.62,151.2,147.31
5,25,127.7,106.5,134.5,132,139.8,117.7,122.7,145.7,141.4,148.3,140.15,151.2,144.21,137.8,147.31,131.91,143.31,142.63,151.99,127.3,129.38,146.27,141.56,145.42,94.58,145.43,127.77,144.77,150.81,149.09
5,26,129.5,136.6,135.2,128,144.7,155.2,116.2,145.8,152.3,138.5,148.3,150.94,146.2,144.73,140.73,146.38,143.78,141.04,149.39,132.82,131.7,140.73,151.99,140.27,91.46,137.09,136.21,138.73,142.2,151.13
5,27,135.6,142.5,129.7,132.6,142.1,149.3,139.6,145.9,156.2,148.7,148.2,148.88,142.01,147.16,134.38,144.94,149.37,144.92,146.88,129.67,139.78,145.69,153.38,142.35,139.7,142.96,133.32,145.55,137.34,143.42
5,28,130.1,142.4,130.4,146.1,147.9,153,138.8,146.7,151,144.5,150.31,145.29,139.2,152.2,143,145.8,115.48,143.7,149.53,131.34,143.43,140.28,148.48,148.18,147.25,129.32,139.12,142.41,150.67,145.09
5,29,131.7,139.9,128.9,148.5,140.4,150.7,139.5,146.4,150.9,149.8,145.14,148.74,149.4,149.62,141.26,142.23,140.59,144.59,148.68,135.19,150.03,143.15,144.61,145.66,147.3,135.6,140.49,146.94,147.2,142.66
5,30,132.1,154.3,132.9,146.2,121.9,151,67,146.3,157.1,152.1,152.26,142.77,151.41,145.05,148,142.15,144.14,151.3,143.26,139.43,148.01,140.63,137.94,148.31,146.52,137.77,138.22,146.35,146.55,143
5,31,160.4,143.8,134.4,155.2,135.7,152.7,144.6,145.3,150.3,137.4,148.67,143.34,145.38,146.7,147.41,140.36,129.97,148.08,133.19,139.73,153.35,139.67,147.01,145.08,149.77,143.05,138.52,144.8,134.99,152.01
6,1,135.5,135,140.5,153.4,141.5,151.1,149.3,146.4,156.2,150.5,148.71,141.7,149.13,150.84,152.66,147.32,136.02,153.31,136.13,141.01,145.78,145.19,144.66,145.84,150.28,141.48,142.96,150.38,128.63,144.66
6,2,135.2,145.4,146.5,145.1,145.5,153.3,134.6,138,155.1,152.5,150.16,150.24,147.03,151.8,150.18,153.02,137.21,151.37,121.91,142.93,147.12,141.56,143.4,143.48,153.13,139.79,125.48,142.09,136.07,155.69
6,3,130.5,151,135.3,144.8,144.8,152.1,141.4,127.8,153.3,152.1,146.52,148.46,145.57,149.84,150.52,152.66,138.7,152.13,141.83,149.24,138.34,130.1,133.61,147.97,146.36,146.5,136.55,150.98,127.13,151.34
6,4,123.7,145,148.1,142.3,144.4,150.4,153.5,128.4,151.9,150.8,152.29,150.01,145.26,153.9,147.1,140.75,136.25,149.32,138.94,151.05,132.86,138.1,143.38,145.31,130.98,143.62,137.55,142.45,152.08,154.09
6,5,125,138.3,149.6,133.7,143,146.6,142,142.5,153.3,149.5,149.77,152.1,147.2,148.43,149.13,144.21,140.75,131.6,149.37,149.21,134.57,152.27,139.95,152.37,141.66,144.83,145.85,148.7,146.66,150.71
6,6,124.9,142,141.2,153.8,140.8,151.5,148.7,148,154.2,150.3,149.16,145.84,145.94,152.02,155.2,152.04,141.84,139.77,141.98,149.61,129.08,142.16,125.43,149.11,150.08,145.33,149.93,133.52,147.9,145.31
6,7,125,141.4,146.8,151.3,139.7,157.2,149.1,147.3,150.3,152.6,149.44,142.19,144.83,150.41,141.46,147.12,149.59,136.43,117.45,147.27,137.17,149.31,127.74,149.3,145.94,154.14,151.92,142.33,144.98,146.98
6,8,128.2,149.5,134.3,146,145.8,157.3,136.9,140.1,150.6,153.3,149.91,147.74,146.42,154.1,140.98,135.58,148.03,148.9,121.38,131.91,138.35,143.34,145.04,156.6,133.74,150.05,145.69,139.5,147.18,147.5
6,9,131.3,156.7,146.2,127.2,144.1,152.3,144.1,139.6,149.8,153.7,138.72,154.73,146.05,151.45,136.09,142.02,151.48,144.38,132.2,143.09,139.56,143.88,149.83,151.71,137.22,149.88,152.41,135.62,144.12,144.3
6,10,126.3,154.3,145.8,149.5,143.9,154,142.5,145,152,151.3,139.93,139.24,150.41,147.23,138.58,146.88,147.66,137.56,140.79,129.38,137.16,146.24,144.36,153.34,141.68,147.36,148.55,141.88,151.84,142.42
6,11,126.5,150,150.1,132.5,142.4,149.3,145.7,150.7,151.3,149.5,144.24,148.22,148.54,152.42,143.53,148.09,140.33,141.64,137.85,139.69,141.48,146.4,138.36,155.12,144.11,148.15,155.69,150.3,150.09,150.88
6,12,127.8,148.9,147.3,148.2,145.9,151.5,139.5,153.3,151,148.8,144.33,148.66,149.98,151.81,146.42,144.51,149.24,149.09,137.71,132.84,138.97,151.69,148.12,136.93,142.66,146.81,149.41,157.24,141.54,149.51
6,13,132.1,151.1,137.7,135.3,141.9,143,143.6,153.9,149.5,150.6,153.41,148.7,153.7,152.84,142.88,146.26,145.12,141.47,135.49,150.92,137.61,149.7,151.89,131.72,147.52,141.62,147.87,146.38,148.84,152.35
6,14,126.9,151.1,149.2,145.2,137.9,154.8,145.4,153.8,154.6,145,151.01,152.13,151.52,147.53,148.2,144.03,151.37,138.77,142.52,145.88,138.41,141.75,147.1,133.45,147.15,147.26,145.27,148.33,122.6,151
6,15,126.9,151.7,150.7,151.1,144.5,161.2,143.2,152,155.2,140.8,151.59,144.69,152.9,154.7,153.55,141.41,144.12,146.62,142.16,151.66,141.83,145.27,134.7,147.24,143.61,149.27,146.76,149.42,120.72,146.18
6,16,127.6,145.8,147,147.3,143.6,138.6,143.8,151.6,153.5,141,155.55,147.68,151.28,152.41,154.41,142.96,146.02,145.7,135.62,149.14,145.59,148.76,143.21,152.02,145.72,152.41,152.98,149.95,126.34,146.34
6,17,150.1,145.6,149.6,142.4,143.9,150.5,134.9,146.3,152.1,141.9,151.4,144.1,153.68,156.09,154.94,145.58,144.78,140.77,135.46,142.01,141.16,145.97,147.45,156.48,142.2,150.05,144.62,151.01,143.82,152.77
6,18,128.8,146.9,146.4,153.8,139.6,148.2,143.9,150.4,150.2,145.2,152.87,140.59,151.77,153.18,144.19,143.71,144.25,142.2,136.69,142.97,129.12,144.59,146.98,149.44,140.49,146.02,150.36,146,140.38,152.11
6,19,127.1,140,145.3,144.5,144.1,150.7,149.8,150.3,157.7,148,152.36,143.43,148.95,152.61,144.36,133.49,148.59,136.06,120.78,138.12,142.36,145.77,149.78,153.56,144.57,143.5,142.88,151.14,145.27,149.21
6,20,148.6,136.1,144,144.3,154,152,142.5,147.7,149.1,143.6,152.75,150.05,143.61,156.21,146.11,135.57,147.23,140.92,114.87,147.81,145.28,137.15,150.6,148.52,151.77,137.41,146.79,144.67,149.61,156.73
6,21,137.1,139.9,138,142.9,144.2,145.3,146.3,147.3,144.5,140.6,154.92,151.44,149.72,152.09,151.27,143.28,146.15,144.77,127.68,139.97,134.87,143.36,151.85,149.48,146.67,140.86,143.55,149.02,152.25,150.94
6,22,136.8,138.1,145.5,153.2,144.4,142.9,146.3,149.7,145.2,134.1,150.02,147.76,151.97,138.44,141.81,147.76,139.29,146.67,136.86,145.73,134.45,139.48,149.8,140.4,140.68,136.83,146.46,148.88,153.7,148.31
6,23,143.8,138.2,142.9,147.7,143.6,144.9,146.1,140.3,144.3,146,118.07,153.04,151.74,137.4,130.41,147.87,146.84,150.91,144.19,154.02,142.56,131.07,150.48,137.34,143.57,144.38,148.56,149.48,147.44,148.7
6,24,137.3,144.2,140.1,154.3,143.7,141.7,144.8,143.1,149.5,137.7,113.11,147.11,150.49,145.96,135.88,146.84,141.16,153.76,139.81,142.57,137.9,129.85,150.23,147.71,144.68,144.62,145.28,149.48,151.02,148.79
6,25,132.5,146.8,147,149.6,144,139.5,145.9,146.9,143.2,141.8,148.8,148.92,142.9,142.65,132.73,150.14,148.38,146.67,135.83,143.72,144.85,144.23,150.67,140.35,134.24,150.42,149.39,150.44,149.23,155.98
6,26,135,137.1,145.6,153.5,145.4,142.3,142.5,146.9,143.6,140.8,154.77,148.04,151.05,147.13,143.62,146.48,139.06,150.12,141.87,144.9,144.29,143.09,149.75,149.81,140.1,145.21,144.67,146.86,149.63,144.65
6,27,135,134.2,143.1,149.7,143.7,146,137.1,148.4,144,143.4,150.16,151.07,147.1,147.64,147.23,147.21,140.43,148.26,143.84,145.25,140.85,138.72,147.7,149.55,145.05,148.32,150.05,135.15,148.7,144.83
6,28,147.8,161.9,148.5,149.4,137.3,145.6,135.6,144.9,148.2,143.5,141.78,148.35,152.73,143.41,143.23,146.71,140.21,151.94,151.96,151.14,135.17,148.98,151.3,150.91,149.24,146.25,148.54,144.36,150.48,147.71
6,29,137,144.9,144.6,156,144.6,142.4,137.7,147.3,149,145.2,147.31,148.44,147.59,149.84,145.16,145.18,148.5,148.19,131.59,153.39,140.93,153.09,151.14,151.55,154.07,143.77,145.92,142.78,150.66,150.05
6,30,135.8,144.3,131.8,146.4,135.7,137.1,136.6,144.7,143.6,147.6,134.66,145.8,150.7,151.36,146.27,150.37,148.65,136.62,130.87,135.88,137.59,153.77,150.59,148.35,147.01,148.14,143.84,145.36,150.24,151.23
7,1,134,142.5,145.9,152.8,140.1,145,148.3,137.7,149.9,156.9,139.82,146.7,147.65,154.46,142.23,152.62,150.78,140.57,128.19,149.48,131.39,147.16,149.26,153.38,140.09,140.41,143.53,137.88,155.18,149.89
7,2,136.9,147.2,145.2,149.4,146.3,145.3,148.1,138.7,148.7,141.2,149.04,149.91,150.45,149.99,148.01,150.38,140.95,136.59,130.38,150.11,130.71,140.04,142.35,152.46,141.73,146.74,148.8,146.09,147.71,152.72
7,3,143.8,154,146.5,153.5,139.3,155.5,153.8,152.6,147.3,143.9,146.41,146.86,149.57,151.06,150.35,153.81,140.4,121.77,132.58,151.98,136.21,138.39,139.59,154.62,144.68,147.95,147.26,141.68,146.99,147.91
7,4,131.6,151.9,148.8,153.6,139.4,151.4,148.5,143.5,148.1,145.6,148.35,146.29,143.38,148.89,143.46,151.33,144.31,124.37,128.77,149.08,133.62,143.7,146.8,149.34,141.8,150.55,149.49,142.16,141.54,150.09
7,5,129.6,138.6,152.3,152.2,134.3,147.7,148.2,139.7,152.1,141.3,148.48,140.24,143.18,151.59,148.25,147.59,145.64,139.48,135.98,143.4,131.83,147.66,143.88,153.52,124.13,147.72,145.74,147.85,137.62,145.23
7,6,133.3,151.6,144.8,150.6,138.5,148.4,147.4,152.2,151.4,140.5,146.11,140.55,137.48,152.77,143.67,142.17,146.79,145.62,138,145.62,126.39,136.82,133.48,148.53,148.54,148.63,140.59,145.72,145.34,147.89
7,7,135.7,154.2,147.7,150.9,139.1,149.7,148.9,137.9,150.6,133.1,147.61,144.01,149.04,147.47,140.5,139.49,148.35,150.66,146.67,138.82,143.11,148.73,141.7,148.45,144.64,153.16,132.56,149.34,133.79,149.19
7,8,133.5,144.4,146.4,152.7,136.9,138.6,141.6,136.7,149.3,136.2,150.66,142.88,147.76,154.35,146.97,139.17,149.55,146.03,139.7,143.98,135.78,143.7,131.12,146.14,146.98,146.55,141.82,128.42,137.16,147.52
7,9,131.3,147.1,140.1,152.7,138.7,144.1,148,138.3,148.5,133,147.7,148.73,145.05,151.05,142.12,142.31,140.83,147.69,134.95,132.86,134.32,145.85,119.66,144.46,134.23,149.77,148,142.73,140.91,146.45
7,10,134,143.7,143.6,156.4,138.7,129.6,160,140.5,153,132.2,146.17,148.53,145.83,151.58,140.2,145.12,145.09,143.28,137.54,145.05,112.12,140.53,124.43,150.48,137.7,148.63,142.63,139.01,151.68,146.34
7,11,131.8,141.5,149.6,144.6,135.5,147.3,143.5,140.9,154.4,135,146.48,152.26,138.3,151.15,128.72,146.27,147.3,137.17,142.45,142.86,122.21,142.52,139.74,148.62,141.6,140.91,140.26,134.54,149.59,150.55
7,12,132.4,145,145.6,147.7,134.3,143.6,144.5,147.4,153,135.7,146.75,148.29,138.48,149.55,138.39,141.97,139.03,144.89,140.95,144.14,132.38,142.98,146.07,151.16,134.23,133.6,120.26,139.99,150.93,138.55
7,13,133.2,145.6,143.8,157.2,130.2,147.4,136.6,146.4,136.5,130.9,143.77,148.63,135.23,148.52,142.78,149.34,139.98,138.55,137.34,145.44,143.38,136.78,141.61,148.95,137.1,138.29,130.62,136.32,147.88,142.15
7,14,134.1,136.9,146.6,141.9,134.4,145.9,147,140.4,140.3,137.3,135.16,145.24,145.09,136.28,141.95,137.45,147.41,134.68,135.52,134.23,140.39,130.77,143.71,125.44,128.58,145.98,118.88,135.07,149.34,134.08
7,15,131.9,137.6,147.5,153.3,137.1,148.2,141.6,136.8,153,144.5,143.64,144.4,143.54,99.51,141.25,131.77,148.21,126.3,144.16,142.63,138.71,132.87,121.76,135.62,134.2,142.43,141.98,139.74,151.49,137.73
7,16,131.4,154,150.4,154.2,131.3,145.2,155.4,146.4,149.1,138.3,136.12,144.46,146.8,146.88,137.05,139.34,150.84,131.06,144.39,140.52,130.19,142.66,134.12,144.53,142.09,141.38,135.56,146.8,149.36,138.73
7,17,129.4,145.7,144.7,149.3,132,139.7,142.5,142.7,149,142.7,144.72,134.88,141.51,151.66,145.93,137.89,148.26,139.08,139.23,138.46,132.54,142.2,129.02,143.43,145.16,141.65,112.02,147.54,143.81,137.82
7,18,126.2,137.1,153.5,144.9,136.8,144,143.5,138.3,145.5,133,143.1,139.18,141.8,145.38,133.96,139.15,151.52,133.94,140.05,133.73,132.06,141.42,139.69,128.62,146.2,143.26,128.14,142,148.66,142.76
7,19,128.1,146.1,135.8,146.4,139.5,125.6,146,141.7,138.2,138.2,143.71,142.45,132.61,145.5,144.45,144.52,144.72,143.39,146.97,138.79,132.52,141.46,137.57,142.08,145.09,138.46,129.29,134.19,138.05,140.95
7,20,150.8,155.2,150.2,149.6,143.2,129.9,140.3,140.2,143.9,141,136.85,145.68,143.11,147.9,134.08,145.45,137.98,136.89,144.32,140.27,144.38,134.7,137.95,147.81,144.62,133.89,132.68,138.99,138.74,130.48
7,21,131.7,144.5,149.9,148.1,133.6,129.1,140.6,142.2,137.1,137.3,135.49,141.54,145.81,144.51,144.34,142.16,139.56,134.21,140.66,129.68,141.19,141.78,139.63,148.62,140.45,133.7,136.25,140.08,143.32,134.53
7,22,138.5,148,138.8,141.1,133.8,150.4,135.7,146.1,134.6,131.2,147.91,141.77,131.34,147.13,130.83,139.79,139.86,129.51,143.9,130.42,146.26,133.49,142.73,145.12,145.5,129.39,143.15,144.45,146.6,139.29
7,23,131.2,143.5,152.3,145.6,82.8,147.1,149.3,142.9,145.6,138.6,146.31,131.4,144.8,146.78,141.43,139.7,144.42,132.98,142.59,141.14,145.43,140.6,146.07,139.38,144.02,141.98,148.54,146.63,139.01,135.7
7,24,130.5,150.8,141,144.5,58.2,145.5,142.5,144.8,130.5,141.6,146.95,137.86,143.78,144.09,149.69,143.95,140.02,136.62,141.65,149.84,142.38,120.37,144.3,146.26,129.77,124.23,142.56,140.95,142.18,116.16
7,25,127.2,140.8,130,142.3,89.1,148.6,138.8,143.3,131.8,135.7,142.34,138.78,141.93,132.61,145.14,142.83,140.89,130.56,143.3,144.61,135.44,131.38,144.22,148.88,144.52,147.13,145.71,141.8,138.62,141.31
7,26,128.7,149,115,146.7,130.5,138.7,139.7,142,137.4,143.5,145.55,136.15,141.66,134.19,148.78,135.55,133.57,142.43,141.05,148.61,131.64,128.79,143.9,146.04,139.61,146.88,133.78,138.91,139.3,134.1
7,27,129.7,137,127.5,144.4,145.1,128.7,148.1,141.3,144.1,140.6,140.1,144.73,142.76,147.66,145.79,137.36,140.78,133.4,141.18,140.29,134.77,135.8,140.34,135.22,140.98,139.2,138.24,116.24,141.8,149.44
7,28,127.9,137.2,131.9,146.4,135.9,130.2,147.2,148.7,131.4,129.9,141.7,143.13,140.16,138.73,136.05,138.78,141.25,139.29,145.84,142.73,126.3,130.85,139.35,142.45,134.8,135.63,139.02,131.27,144.3,129.16
7,29,125.5,143.9,136.2,142.7,129.5,134.5,138.9,142.9,131.5,141.7,145.58,145.66,137.96,146.82,139.34,144.92,139.86,112.83,145.16,138.77,135.16,137.4,137.75,137.34,143.4,134.84,142.14,135.97,140.3,141.27
7,30,122.3,138.4,141.9,148.9,123.2,138.8,143.8,138.4,131.9,143.5,137.93,140.93,137.41,147.98,132.12,145.04,136.52,128.18,123.4,145.49,136.84,144.91,143.79,144.68,140.11,136.98,139.22,142.22,136.21,140.21
7,31,126.7,135.4,127.5,139.7,128.6,129.2,140.8,126.5,147.1,132.5,135.3,141.3,126.27,146.75,141.91,138.59,134.26,134.95,132.21,142.14,141.16,138.06,144.14,143.33,135.91,131.44,139.75,141.31,137.42,136.03
8,1,125.2,150.6,133.5,146.4,146.1,142.8,147.6,143.6,129.1,144.9,138.72,142.88,138.44,137.99,139.2,128.02,142.79,138.11,130.22,120.13,143.27,128.57,146.86,145.8,120.98,141.45,128.95,148.91,129.32,131.56
8,2,123.6,137.9,132.1,142.7,146.6,143.5,140.6,143.3,126.1,147.2,123.59,132.66,139.26,143.07,147.95,120.69,136.4,144.04,134.29,116.12,141.33,128.02,140.4,146.8,133.43,133.89,138.45,144.05,143.01,130.52
8,3,124.6,150.8,137.1,151.7,132.2,148.1,139.3,141.9,135.9,145.6,135.55,142.78,129.62,140.34,140.7,132.7,143.19,131.77,127.85,116.38,145.36,117.75,142.62,142.45,140.01,141.55,139.48,142.52,139.73,113.28
8,4,131.4,138.9,141.7,142.5,145.2,143.5,138.9,141.8,134.8,142.8,143.45,140.19,131.7,143.82,143.41,129.94,137.98,120.81,139.36,133.78,138.8,129.7,120.16,147.8,135.41,133.8,119.4,138.37,147.56,136.17
8,5,136.7,132.8,138.8,148.5,142.1,131.3,139.8,144.9,132.4,143.3,135.63,142.45,127.44,145.52,143.6,135.47,136.94,128.63,127.59,131.85,137.45,126.4,101.26,142.9,129.09,135.76,133.59,134.66,143.86,146.53
8,6,130,153.7,137.6,137.2,150.6,141.1,139.2,140.5,133.2,143.8,129.39,133.68,132.03,140.52,143.48,132.68,130.34,136.18,135.02,131.64,132.82,114.69,128.15,148.26,122.99,138.07,141.84,138.76,145.16,143.95
8,7,127.6,154.6,134.3,138.2,139.8,145.8,139.2,135.5,135.2,135.4,132.88,141.66,128.11,145.65,141.99,140.26,131.27,133.12,123.65,101.69,119.77,127.82,136.63,141.39,134.21,143.15,140.64,127.57,134.96,138.86
8,8,151.2,147.3,136,139,132,144.3,140.5,138.7,137,139,132.82,133.06,136.98,134.21,145.14,133.22,139.51,129.32,133.46,133.17,134.56,141.72,139.35,139.23,129.95,137.55,136.88,123.4,130.6,131.95
8,9,131.9,140.1,130.1,142.6,137.8,142.6,134.9,116,138.1,144.2,140.38,137.38,134.64,136.54,148.75,135.3,138.69,137.48,134.05,126.76,138.01,130.9,131.91,134.23,137.81,128.38,138,117.68,140.74,139.62
8,10,135.3,146.6,131.1,134.6,138.5,145.4,140.5,144.6,137.4,144,135.57,141.84,130.02,139.95,141.05,134.05,138.04,138.66,137.27,132.12,136.45,128.97,132.13,134.93,134.68,141.47,143.75,124.9,141.01,120.24
8,11,124.7,141.7,138.9,136.6,140,145.1,141.9,138.9,139,133.9,136.48,129.62,126.5,143.57,143.07,136.89,125.37,139.36,127.12,131.55,128.94,136.11,137.5,140.32,136.47,139.47,138.27,137.05,142.05,137.66
8,12,130.8,119.5,136.5,138.3,138.9,146.5,141.8,136.6,129.4,127.8,133.61,139.08,124.64,143.75,139.41,129.66,132.03,139.85,122.43,135.15,135.79,137.29,140.38,138.38,136.2,141.69,135.91,142.45,139.91,145.22
8,13,123.9,136.4,138.2,139.5,124.6,142.5,138,134.6,129,140.9,124.58,139.12,143.52,139.99,140.27,139.05,136.22,141.3,125,131.46,127.6,140.76,140.94,142.12,136.4,136.92,133.68,144.09,132.59,143.59
8,14,126.6,143.1,130.1,131.6,136.5,136.7,137.1,141.5,131.7,142.8,127.61,143.49,140.02,143.04,141.05,137.45,132.99,132.24,130.89,129.02,135.77,133.78,135.74,140.15,144.22,134.9,122.04,142.96,132.71,146.63
8,15,123.1,136.8,133.8,137.9,136.7,134.1,137.6,131.3,131.5,137.6,127.41,137.79,143.55,139.05,137.52,126.49,140.59,131.98,135.85,135.3,134.83,135.9,132.19,140.65,129.55,125.64,127.88,141.56,132.94,140.8
8,16,127.3,136.5,134.4,133.1,138.9,138.4,129.1,131.6,132.3,133.9,140.57,129.45,137.7,140.04,138.62,133.19,140.13,139.26,121.5,141.84,128.29,140.71,137.48,139.1,129.99,137.56,132.32,135.23,136.14,141.49
8,17,126.9,148.5,139.1,139.4,130.3,132.6,140.3,132.1,125.9,130.6,134.78,138.91,134.71,131.98,126.78,128.41,143.67,139.85,125.41,123.76,124.75,138.68,139.68,134.89,138.45,140.59,125.38,142.41,143.29,137.01
8,18,124.9,138.9,136.8,140.4,133.1,132,141.8,133.1,132.7,140.8,143.1,137.39,138.2,136.65,111.34,123.65,139.81,139.6,126.77,124.15,122.85,135.84,136.75,130.5,139.41,103.76,126.93,142.38,143.01,132.43
8,19,125,122.6,138.2,136.1,132.9,127.9,136.6,136.1,130.9,143.4,141.4,140.88,138.15,133.9,130.41,126.06,141.99,120.52,131.52,126.95,137.34,136.87,136.64,122.26,136.62,110.65,134.35,140.49,137.91,140.09
8,20,124.4,131.2,130.6,130.3,133.7,141.4,134.1,131.2,124.8,134.2,141.75,133.62,139.91,139.76,139.29,131.21,136.69,134.09,137.91,132.2,132.54,137.25,128.95,135.98,133.97,128.9,117.49,140.88,141.02,137.11
8,21,123.3,119.2,122.3,134.8,134.3,140,136.2,130.2,135.5,141.7,137.47,137.18,137.19,140.84,135.88,136.93,136.85,134.01,125.47,132.38,137.73,139.15,139.15,125.04,139.58,127.92,129.46,138.44,136.94,141.6
8,22,119.1,129.3,128.8,137.6,132,141.3,137,133.8,134,139.4,126.15,130.45,138.95,130.84,140.59,132.69,136.32,135.17,139.62,133.95,129.48,137.68,135.62,136.81,126.47,127.81,130.41,132.41,132.49,141
8,23,122.7,135,127.6,140.6,129.1,131.5,137.3,125.3,134.9,139.5,132.24,129.38,134.5,135.19,139.67,135.57,123.95,125.55,131.69,136.19,133.92,128.12,133.57,127.91,136.17,124.86,125.01,131.23,121.14,131.18
8,24,125,130.2,128,132.4,134.1,129.9,139.3,122.6,134.6,138.7,132.76,123.93,133.02,135.09,135.92,129.66,130.66,130.35,136.07,128.33,128.98,130.59,137.77,137.29,133.59,121.6,119.23,138.06,128.27,135.1
8,25,114.5,134.1,117.9,136.1,135.3,136.6,124.6,123.7,132.7,124.8,137.23,128.98,134.98,140.45,142.34,123.7,133.05,134.32,125.08,134.45,134.63,126.38,137.79,130.38,138.11,123.16,119.59,133.25,139.41,134.87
8,26,118.2,119.4,134.6,135.3,127.9,137.3,136.1,131.6,132.9,139.9,135.75,134.84,137.03,136.52,134.59,130.78,139.33,117.96,132.73,131.09,135.82,135.16,138.01,129.45,133.26,122.77,134.26,135.33,133.33,136.17
8,27,123.1,121.1,128.7,138.2,131.8,117.5,123.9,125.8,128.6,127.4,137.23,121.38,136.16,141.61,136.89,130.18,132.71,137.66,133.34,136.09,131.28,129.31,133.26,129.48,131.05,131.6,129.59,129.83,138.85,128.63
8,28,121.3,117.7,115,136.4,120.3,131.3,123.3,118.2,134,129.5,135.71,132.21,130.88,137.57,133.2,137.1,135.63,128.54,126.75,118.34,134.18,123.47,130.46,128.49,124.95,132.53,137.25,120.12,135.65,134.41
8,29,121,137.4,117,136.3,134,139.3,120.5,124.4,133.5,133.6,132.93,125.36,135.77,136.77,133.89,129.76,133.14,137.09,133.16,120.56,129.24,124.5,133.65,130.7,119.1,131.75,132.05,132.8,137.55,132.38
8,30,122.4,138.3,119.3,131.5,132,135.6,120,121.7,129.8,137.1,135.6,126.98,133.41,139.47,131.37,132.24,132.52,134.31,127.08,126.22,136.65,124.32,130.32,132.16,126,133.79,136.77,124.76,137.23,135.69
8,31,121.5,125.5,133.1,135.8,117.4,127.2,137.1,136.8,131.4,135.1,128.05,129.13,135.69,137.09,132.73,125.39,127.8,131.18,133.42,131.65,133.28,125.88,126.3,134.48,121.67,136.95,134.15,122.05,133.53,132.22
9,1,121.5,124.2,138.1,135.2,137.8,123.1,136.4,135.1,128,125.1,133.32,128.74,132.62,139.17,129.95,130.52,126.47,127.61,124.38,135.57,131.42,128.47,117.17,133.74,127.85,133.22,132.47,129.29,136.02,133.79
9,2,118.9,133.8,131.6,133.6,135.8,119.4,131.4,135.8,129.6,137.4,123.47,134.02,136.55,136.07,126.58,122.87,127.98,125.66,134.97,126.34,129.43,137.49,121.03,124.29,116.21,136.4,128.52,134.54,128.2,101.56
9,3,118.2,115.9,122.5,135.7,136,125.6,128.2,131.7,137.8,131.3,130.57,124.55,134.54,137.12,134.91,112.97,130.84,128.03,127.53,132.96,130,127.05,115.66,124.1,117.34,132.22,130.58,131.47,122.28,106.73
9,4,118.6,131.1,126.1,132.7,136.3,126.8,129.3,133.8,134.2,131.2,128.75,125.54,127.28,131.29,128.05,125.87,134.41,118.52,128.95,125.66,133.11,123.92,126.38,121.39,132.38,119.29,134.28,127.38,127.69,132.21
9,5,116.3,137.1,126.9,132.9,131.9,136,128.7,132.9,132.1,131.4,131.26,124.8,134.61,131.16,132.02,120.84,134.27,131.04,131.25,122.69,132.24,126.98,120.92,125.8,116.52,118.54,127.85,119.72,127.63,124.24
9,6,122.4,109.2,127.8,137.1,131.4,136.7,130.9,137.1,133.7,131.4,127.98,128.15,131.84,136.66,125.91,123.85,133.15,129.12,126.44,123.75,133.7,125.94,111.62,117.38,124.84,115.09,130.36,128.51,124.91,125.91
9,7,129.7,121.5,136.8,135.2,135.1,123.8,126.7,134.1,128.5,127.7,115.38,123.58,128.38,133.2,127.7,125.46,114.89,131.34,125.91,128.63,127.3,130.62,118.42,118.5,119.76,116.54,125.9,130.24,126.05,131.7
9,8,122.5,133.9,125.4,133.2,132.4,120.3,126.6,129.9,128.7,133.6,124.34,125.05,119.98,136.24,130.63,129.73,116.7,124.33,127.95,133.83,118.07,129.12,117.97,123.54,129.04,121.84,115.88,128.23,124.3,131.84
9,9,117.3,127.8,124,126.6,130.3,118.9,125,128.6,130.1,132.8,126.81,117.8,135.9,126.29,127.6,125.22,126.94,126.79,125.96,131.35,123.15,133.82,125.12,118.26,122.96,123.02,119.95,130.41,127.81,132.3
9,10,116.9,118.4,133.6,127.9,133.7,119.7,123.6,132.1,129.8,130,129.59,113.73,132.58,130.15,133.27,129.45,115.39,123.38,121.93,125.38,110.31,132.71,119.53,115.53,121.05,117.38,116.66,121.3,129.37,129.97
9,11,115.2,109,128.2,130.6,128.4,134.5,122.2,115.2,130.3,126.4,124.18,125.56,130.23,129.78,129.3,127.42,122.47,123.17,121.22,121.05,123.81,131.69,125.88,112.02,117.97,120.73,126.72,123.38,124.27,121.77
9,12,113.8,118.2,125.4,130.9,127.4,133.3,130.3,115.3,129.2,131.2,127.91,124.49,129.03,129.5,129.34,128.8,120.84,110.93,125.32,128.42,122.54,127.95,121.29,121.52,116.13,120.94,114.7,125.62,128.98,113.96
9,13,125.5,123.3,127,113.2,129.8,129,129.8,131.7,129.5,128.6,127.38,124.96,130.73,128.82,126.03,128.94,111.95,113.1,124.43,128.62,126.02,128.16,123.98,116.5,120.59,129.37,128.41,123.93,126.34,130.84
9,14,113.5,123.3,125.1,127.3,128.8,128.4,115.2,123,128,131,127.1,119.23,129.55,119.48,128.97,124.02,121.61,117.85,129.59,128.89,125.91,129.29,128.59,122.12,117.19,130.12,122.57,124.45,130.29,121.74
9,15,121.3,119.8,126,125.3,131.5,115.7,117.6,103.4,124,129.5,127.12,127.29,123.23,125.29,126.97,129.11,124.54,117.95,124.34,127.16,129.13,123.25,131.73,119.94,123.8,127.7,128.84,123.02,128.67,112.27
9,16,125.2,122.8,124.5,128.5,120.8,114.6,120.6,124.7,121.7,127.6,121.73,124.92,125.3,123.78,127.07,126.55,119.58,125.2,125.16,122.13,124.86,120.7,129.61,115.95,121.2,121.1,123.08,123.57,120.66,116.24
9,17,112.6,103.4,129.9,116.9,112.1,111.9,127.2,124.4,118.6,126.2,123.38,123.91,125.12,126.1,126.29,129.82,124.77,110.78,125.07,124.75,126.91,119.41,124.09,125.59,121.7,113.39,125.2,119.65,122.97,125.79
9,18,114.1,119.7,117.1,128.2,120.3,105.9,129.5,118,122.6,124.4,123.56,123.79,119.24,121.55,118.13,125.41,126.33,110.29,123.34,124.11,128.01,124.87,122.4,126.7,118.91,124.41,121.13,123.3,121.91,128.46
9,19,110.9,112.5,118.9,132.2,121.5,108.9,127.1,113.8,120.9,122.6,122.98,121.18,121.83,126.84,122.65,124.02,118.92,113.6,122.84,125.11,126.23,124.65,121.14,129.7,117.15,125.3,115.63,120.24,126.55,125.58
9,20,112.8,112.4,113.1,128,119.1,120.6,127.9,114.1,121.9,117.4,120.23,124.66,123.9,126.59,125.09,124.26,121.38,112.52,121.41,119.83,126.64,122.94,124.29,125.46,119.77,124.53,123.31,121.84,123.17,126.21
9,21,114.2,119.8,126.1,120.6,123.1,122.2,125.4,111.5,123.7,114.9,119.4,124.14,126.26,126.08,126.5,129.14,125.49,118.7,119.84,117.8,121.79,119.4,123.14,128.51,121.97,116.45,121.27,117.36,126.73,123.57
9,22,118.2,123.8,125.6,128.6,123.8,122,125.5,111.3,119.2,114.5,118.38,124.41,118.37,127.32,126.27,130.74,124.21,118.46,114.75,120.43,122.56,119.34,124.43,123.52,127.06,121.3,124.17,114.78,127.45,122.74
9,23,108.1,117.9,125.3,107.6,124.3,119.6,126.1,121.5,121.4,121.1,113.98,123.98,125.47,118.49,122.44,129.15,124.07,122.64,123.62,120.57,121.65,118.88,119.2,122.97,123.27,121.4,119.02,119.79,125.41,124.02
9,24,113.8,112,121.3,113.1,124.8,112.5,124.8,126.4,119.5,116.6,121.85,123.18,121.12,117.37,122.07,129.76,123.94,122.47,118.06,122.3,122.63,119.23,125.3,123.21,121.62,121.02,120.14,113.22,123.4,127.38
9,25,109.6,102.6,122.7,101,119.6,113.4,124,108.3,122.9,122.6,121.48,118.64,123.95,122.3,122.34,126.84,124.34,121.74,118.86,117.98,120.62,122.09,124.09,121.23,120.72,122.84,118.03,112.99,117.18,126.24
9,26,116.5,104.5,123.9,113.9,121.3,103.8,121.8,108.6,118.9,125.8,122.43,120.36,123.65,126.75,122.25,126.42,123.17,120.6,115.69,113.74,117.63,119.82,117.64,121.35,123.91,116.75,114.88,113.37,118.98,121.38
9,27,109.5,110.6,120.7,127.3,119.9,121.9,120.5,107.2,116,123.8,118.79,122.38,121.3,123.16,116.53,121.72,120.3,117.17,117.95,116.53,116.87,120.41,122.73,118.95,121.66,119.16,121.98,115.98,110.95,122.38
9,28,109.3,105.1,113.6,107.5,117.3,120.5,119.4,107.6,120.3,121.2,118.81,118.48,116.16,121.44,121.84,121.67,117.74,117.92,115.69,122.88,117.88,122.8,124.67,120.66,117.39,116.88,117.38,118.43,118.09,121.15
9,29,108.2,101.3,96.8,114.3,119,103.3,112.1,107.8,117.5,117.5,117.54,121.74,117.85,124.33,121.44,118,122.09,112.45,115.77,108.24,118.17,119.75,123.33,116.75,114.04,120.92,120.46,116.48,115.16,119.24
9,30,110.2,95.1,104.3,116.5,119.7,116.6,108.9,105.7,117.1,114.3,116.14,116.45,122.97,120.77,123.1,114.45,118.84,114.95,118.21,95.12,115.27,120.23,120.58,119.66,111.73,120.84,116.23,120.16,114.83,120.2
10,1,101,96.8,114.2,103.7,114.1,117.1,120.7,125.7,122.9,115.1,119.34,118.81,120.36,120.78,118.3,118.67,118.25,110.65,116.36,101.17,117.88,117.26,120.36,118.59,120.21,118.19,119.74,116.16,106.05,123.94
10,2,88.4,110.9,112.5,112.7,116.6,122.1,113.1,125.4,122.5,115.7,111.24,115.12,122.6,118.49,117.06,117.4,117.37,119.13,117.38,104.17,116.27,120.95,118.2,117.34,115.34,118.73,118.71,120.92,113.81,122.23
10,3,99.1,107.8,115.3,107,116.1,105.3,112.4,122.1,120.7,106.9,122.03,112.17,119.73,120.21,118.89,118.91,112.12,110.36,113.99,112.54,110.87,114.48,110.23,117.01,118.49,113.16,117.5,115.21,117.45,119.67
10,4,107.1,107.3,109,106,115.5,106.7,119.2,118.9,118,99.1,118.09,120.28,117.24,119.02,118.09,118.86,115.05,106.96,111.7,109.97,110.92,116.95,116.99,105.53,112.94,121.78,115.73,115.39,115.27,119.88
10,5,98.1,111.8,115.4,95.8,112.2,104.7,111.3,122,121.3,117,121.96,114.97,115.9,119.24,119.52,113.74,115.74,107.37,107.69,113.71,107.38,116.61,113.8,115.25,108.59,117.92,113.33,111.06,111.27,116.27
10,6,95.9,119.9,106,101.7,109,106,110.4,125.1,119.3,114.7,118.75,116.39,108.66,120.71,117.8,111.9,115.71,114.36,112.8,108.52,112.61,115.89,114.95,112.46,109.62,121.44,113.87,108.9,109.39,119.27
10,7,94.5,108,102.4,110.7,102.3,120.5,91.5,119.6,120.1,106,114.05,110.59,112.9,119.48,118.48,113.33,116.27,118.98,109.21,108.77,114.02,115.53,110.03,115.27,108.76,119.88,110.23,100.48,110.59,114.95
10,8,96,107.7,104.1,107.5,103.6,119.7,110.1,114.9,112.7,117.3,112.66,112.1,115.29,119.65,114.46,111.48,116.05,110.23,101.36,105.06,116.57,115.27,100.39,111.66,112.95,120.73,116.35,107.91,106.34,114.01
10,9,126.9,106.3,115.7,97.9,110.7,114.3,97,115,121.1,113.6,113.84,108.41,116.42,115.18,114.65,110.6,111.73,116.16,109.16,108.23,111.71,117.29,108.27,113.12,107.41,119.01,112.99,115.63,106.85,114.62
10,10,104.6,93,109.6,100.3,109.8,106.6,86.5,103.7,119.3,115.6,114.95,113.18,113.51,116.75,113.51,112.07,109.54,113.91,112.5,110.05,107.66,114.4,106.91,114.23,107.01,116.26,111.52,107.94,105.38,117.49
10,11,101,104.8,99.6,109.2,110.5,113.3,95,102.7,114.2,113.4,108.72,110.73,114.16,115.18,111.36,111.58,112.66,115.34,113.08,101.24,110.87,115.11,110.05,110.62,102.13,118.7,110.14,110.95,103.3,115.02
10,12,108,105.4,100.4,101.8,96.7,112.8,92.9,101.4,98,107.2,107.62,108.41,114.52,114.09,113.39,110.4,108.11,112.33,108.84,106.09,110.42,116.02,116.84,109.45,107.46,116.93,106.71,107.66,111.44,114.99
10,13,104.6,105.2,102,98.1,94.7,114,93.5,116.5,115.5,112.9,105.41,111.83,109.66,112.36,107.55,111.85,115.04,109.84,107.8,105.09,109.87,115.66,117.01,107.63,104.67,117.08,112.41,110.7,104.23,114.67
10,14,99.9,109.2,95.2,113.4,106.7,98.9,95.4,98,112.4,113.2,109.09,110.02,106.55,111.1,110.11,107.6,111.97,113.23,107.6,108.17,105.89,112.97,112.74,111.09,98.45,114.39,110.41,106.28,104.31,113.35
10,15,101.9,103,104.8,98,101.1,96.7,94.6,98.8,110.9,111.6,107.8,112.81,105.84,112.82,109.27,110.98,113.3,108.35,107.85,108.48,106.96,106.02,112.56,107.52,100.24,113.21,112.52,107.56,104.71,114.71
10,16,109,85.7,96.2,95.8,93.7,98.6,92,95.4,117,109.5,108.05,109.7,108.05,111.46,110.66,108.67,111.1,109.41,111.31,110.47,105.92,107.41,109.73,110.78,101.3,110.73,109.2,110.96,106.05,111.62
10,17,99.4,83.7,91,99.6,95.4,93.7,85.6,95.2,114.4,107.6,110.84,109.52,106.29,110.69,109.89,111.77,108.41,105.84,109.54,110.95,108.18,106.03,109.12,108.98,105.45,109.48,109.92,99.14,95.74,112.77
10,18,101.3,84.9,91.7,97.2,92,97.1,89.6,96.1,95.1,110.1,107.03,105.86,106.56,106.23,109.25,104.79,108.05,108.37,109.81,109.04,109.09,107.62,110.18,107.8,101.22,109.67,107.09,104.84,103.71,110.85
10,19,94.1,83.2,91.2,91.1,89,101.5,95.2,97.9,97.4,111.4,108.55,106.24,107.76,105.45,105.17,107.97,107.7,102.3,108.95,109.45,107.48,105.09,108.49,107.07,100.73,108.77,102.54,95.8,107.63,110.98
10,20,92.6,84.7,89.8,101.9,92.1,95.3,91.7,97,96.2,108.3,106.88,110.05,107.49,105,105.25,101.08,110.91,106.13,107.06,104.91,106.88,98.68,110.16,106.94,93.19,110.34,104.59,92.49,103.01,108.85
10,21,87.3,88.3,88.3,94.2,89.4,92.7,70.1,95,97.3,106.9,106.73,104.43,106.2,97.33,107.19,91.22,108.38,98.3,103.92,107.41,98.31,92.68,105.52,108.24,95.73,106.33,104.54,79.85,106.99,106.63
10,22,106.1,88.3,76.6,85.1,85.1,106.5,65.7,90.6,96.5,105.2,106.45,105.4,103.85,101.68,101.27,103.34,106.48,100.7,101.48,108.52,101.24,102.47,102.88,101.59,87.88,106.52,105.7,96.55,103.04,108.63
10,23,99.6,82.4,89.6,102.4,90.3,105.7,42,91.4,97.7,105.1,103.79,102.33,107.23,100.95,99.62,102.66,105.16,106.05,102.34,107.3,101.7,95.87,106.15,104.32,86.99,106.16,103.21,86.66,104.01,107.92
10,24,102,85.5,90,104,94.8,107.7,79,89.7,100.1,105.3,100.16,103.61,102.26,104.07,102.55,105.96,103.12,98.38,97.41,101.95,102.96,98.34,105.86,104.91,89.38,105.45,101.4,77.01,99.56,110.36
10,25,87.3,81.3,90.7,100.9,94.9,102.2,98.1,86.6,97.4,102.9,97.29,96.89,105.34,100.86,102.05,99.64,103.88,105.99,99.93,102.48,102.23,104.95,104.84,104.99,88.26,102.43,100.84,93.6,97.77,107.29
10,26,94.2,79.2,92.6,99.2,89.9,91.7,50.9,92.8,93.9,100.4,104.97,94.84,104.41,101.97,100.19,100.04,103.93,84.87,102.07,106.17,102.48,101.8,103.95,105.39,95.17,101.73,101.68,65.16,100.8,106.84
10,27,92,89,93.9,100.1,92.4,91.6,89.5,91.3,93.9,100.6,100.2,95.8,104.67,99.81,100.71,72.38,105.75,102.84,101.93,103.21,104.68,104.31,103.61,101.26,91.52,103.79,100.13,77.52,100.31,105.54
10,28,92.3,79.8,89.3,102.8,86.7,90.5,50.3,91.2,93.1,92.9,104.48,97.85,103.17,101.48,103.87,92.88,101.76,100.8,98.63,102.98,104.4,98.77,99.33,100.22,96.68,101.47,98.31,58.02,101.39,101.61
10,29,94.1,95.2,90.7,101.5,92.4,89.2,98.2,91.2,94.6,89.7,101.2,100.85,102.44,100.42,99.7,90.3,100.76,99.58,98.42,102.93,104.3,90.55,98.75,98.94,95.23,101.38,102.35,44.67,99.94,99.88
10,30,85.6,83.8,88.8,96.6,90,89.8,90.1,91.6,90.9,86.4,101.4,97.41,102.23,99.75,102.43,91.61,99.32,102.52,86.55,103.73,100.48,90.7,97.86,98.95,95.51,100,97.18,86.19,99.18,96.3
10,31,85.9,84.8,82.7,89.8,86.6,87.5,94,94,91.5,85.8,102.89,89.75,93.73,100.23,98.91,95.29,102.31,92.11,98.32,101.95,98.72,84.88,98.09,97.25,97.45,101.36,98.53,86.35,95.81,99.55
11,1,100.6,85.4,86.2,102.6,87.3,91.9,85.7,90.4,103.1,87.2,97.66,74.05,100.52,97.55,99.46,91.39,98.32,84.86,100.45,100.41,96.33,96.88,98.86,99.16,92.88,99.35,97.66,92.54,94.03,99.33
11,2,93.3,83.7,82.9,104.2,93.5,82.3,87.6,86.8,94.7,81.7,97.64,86.96,100.29,99.76,98.81,97.86,99.34,85.92,97.37,100.3,94.08,95.72,96.7,97.02,85.17,97.55,90.61,95.42,93.41,94.05
11,3,89.2,88.1,84.9,100.4,92.3,83,84.3,87,97.8,82.7,96.55,80.48,100.58,91.73,97.96,95.29,103.43,69.12,95.14,96.3,92.39,100.61,96.83,96.18,91.47,97.19,97.35,82.33,94.01,98.2
11,4,89.2,89.5,97.2,88.7,93.9,81.2,62,87.3,98.6,85.8,99.84,94.6,97.89,99.27,96.88,90.98,101.33,31.09,91.51,96.13,90.88,101.83,85.81,93.71,96.68,89.41,95.4,54.41,97.59,96.74
11,5,94.1,84.3,93.8,100.6,93.5,81.6,68.3,88.8,100.9,84.5,98.52,97.42,96.95,93.93,95.95,93.58,100.02,47.82,95.6,99.75,96.1,99.29,91.72,92.27,95.21,91.58,89.89,92.78,90.32,95.89
11,6,88.2,95.9,92.3,93.5,89.3,78.7,49,88.6,86.4,85.8,99.41,93.05,97.23,96.5,94.37,93.81,97.83,85.17,93.62,102.24,85.32,94.45,93.25,85.53,92.59,93.34,91.4,89.09,91.55,95.38
11,7,90.3,89.8,88,94,91.2,79,62.1,83.8,83.6,83.4,98.41,93.88,97.24,96.34,93.88,93.15,100.92,65.7,93.6,97.77,89.95,90.2,95.65,84.51,89.98,92.48,91.89,55.9,86.76,96.65
11,8,87.9,87.9,85.9,97.9,87.5,80.6,38.9,86.9,82.6,81.1,96.41,97.47,98.91,96.16,96.47,88.67,100.28,64.31,91.66,92.95,92.8,83.11,95.29,96.41,90.84,85.45,90.57,86.7,86.16,95.19
11,9,84.5,67.3,87.3,83.3,86,78.8,49.6,81.5,99.7,35.6,91.51,94.57,96.5,97.35,91.61,86.39,98.7,92.81,90.57,92.25,95.03,90.59,94.38,96.73,90.95,87.96,95.95,58.7,90.43,95.46
11,10,84,43.9,84.7,93.3,86.2,86.5,57.7,82.1,83.2,52.3,93.66,87.88,91.67,95.39,88.49,87.1,97.56,99.15,93.2,87.77,92.54,93.7,92.68,94.62,87.63,95.29,91.98,80.72,86.01,94.17
11,11,82.4,84.6,84.6,95.3,89.3,85.9,85.3,81.6,80.7,78,95.59,90.84,90.77,94.96,85.65,90.29,97.3,95.41,91.93,89.99,94.33,82.32,89.84,94.16,78.4,96.13,90.9,85.95,77.02,92.96
11,12,80.6,64.1,84.5,92.9,88.8,78.8,52.8,86,85.3,79.9,91.64,91.36,93.98,93.88,85.13,90,97.09,93.68,92.67,94.42,98.07,85.38,94.59,90.41,84.59,97.21,88.08,85.19,62.15,94.01
11,13,82.3,58.1,87.9,88.8,81.4,82.7,87,85.9,80.4,77,88.24,90.49,92.05,91.91,87.41,90.67,94.16,90.16,92.1,95.07,94.34,92.2,83.69,91.67,90.57,93.67,86.17,64.07,63.74,91.3
11,14,80.9,96.7,86.1,86.2,81.6,74.1,87.5,85,88,79.4,92.07,86.29,85.2,91.58,87.47,89.81,92.53,91.34,91.97,93.56,92.54,91.45,88.72,91.86,89.2,94.66,92.04,80.21,88.57,92.19
11,15,80,80.2,77.1,82.8,80.7,75.7,77.6,83.4,88,78.4,92.89,82.62,86.84,51.91,79.63,84.62,90.59,93.8,92.51,94.68,89.44,75.94,85.2,89.93,91.02,93.29,87.73,70.21,43.61,83.85
11,16,80.5,77.1,81,80.7,85.4,72.8,20.8,83.7,75.5,67.7,92.42,82.7,86.41,79.79,80.42,82.91,90.61,88.92,91.16,91.12,93.75,83.66,58.62,87.9,92.68,94.17,89.59,61.88,44.24,91.74
11,17,81,82.7,79.2,86.2,84.6,69.6,70,86.8,90.3,61.6,91.09,59.84,84.02,86.68,88.93,78.97,89.76,88.03,90.69,87,90.22,89.95,46.54,79.61,87.41,93.05,87.55,74.54,49.5,88.53
11,18,77.9,83,76.9,85.2,81.5,79.8,76.6,80.5,87.6,4.6,91.56,50.13,81.43,86.96,78.74,54.66,88.47,87.32,87.02,87.27,91.88,89.12,51.16,78.68,73.75,91.48,88.94,82.09,67.13,89.15
11,19,77,81.3,75.5,86.1,84.8,39.3,66.9,79.8,76.8,74.1,76.74,65.55,87.94,79.33,71.23,68.26,93.3,88.11,87.1,87.3,91.22,89.13,31.37,83.42,80.78,88.72,77.16,89.05,39.4,85.16
11,20,77.7,76.7,76.9,84.3,85.6,41,50.4,77.8,74.9,67.2,76.16,68.52,62.99,89.11,86.69,34.81,86.94,84.77,77.65,90.17,88.61,45.07,69.34,84.91,70.89,88.27,69.68,64.78,86.27,85.3
11,21,78.5,75.4,71.1,82,84.4,80.5,73.8,76.4,71,64.2,87.85,90.56,72.91,87.03,80.35,49.38,89.8,90.88,78.84,91.48,86.05,81.3,82.48,84.4,80.52,90.05,64.95,87.51,88.98,86.7
11,22,80.5,79.3,77.3,76.8,83.1,60.4,65.3,79.2,75.7,47,81.62,89.34,67.29,87.2,85.87,61.54,86.9,94.06,84.31,91.41,43.12,86.66,86.53,73.7,77.92,90.32,47.4,82.77,81.91,88.18
11,23,78.2,79.6,72.3,66.3,83.8,36.8,76.3,79.3,80.8,6.3,77.52,91.29,78.68,85.73,84.34,84.78,86.11,90.97,55.7,91.23,86.18,84.63,87.42,71.71,82.54,90.38,51.59,36.09,79.36,86.52
11,24,78.7,82.5,77.7,81.9,83.5,55.8,78.9,76.6,75.1,6.2,78.2,89.27,79.09,85.28,84.38,77.04,85.29,87.66,80.09,91.67,82.87,79.05,90.91,67.77,50.2,87.07,52.82,81.68,64.01,84.07
11,25,78.4,76.9,78.3,81.7,79,74.1,78.4,80.2,72.4,66.7,80.11,88.48,81.62,74.21,86.32,71.37,81.44,86.23,71.82,89.29,75.77,66.88,88.77,85.64,23.3,65.35,78.07,80.27,70.85,87.62
11,26,86.2,79.2,86.2,80,74.6,71.5,67.6,78.8,73.7,61.2,83.65,82.03,83.64,78.09,86.28,47.03,81.19,86.23,81.09,88.71,72.47,77.22,84.52,86.62,68.68,24.39,82.13,91.95,82.58,86.23
11,27,88.6,73.5,79.1,80.5,79.5,77.4,77.9,74.7,73,73.9,88.35,83.77,80.82,78.52,89.74,43.36,78.77,83.69,78.91,89.07,34.95,79.34,86.61,77.25,81.89,33.68,78.73,80.05,84.27,83.49
11,28,78.1,70.7,79.2,79.4,74.8,74.9,74.4,79.5,75.5,67.6,81.27,83.38,83.88,72.12,87.57,41.08,84.75,86.01,59.55,88.71,67.19,74.34,88.02,66.4,80.98,39.55,77.23,70.33,79.63,37.49
11,29,74.1,61,78.4,79,34.3,77.3,78.2,78,79.4,78.3,63.3,84.99,65.18,67.2,87.05,47.06,82.2,81.29,73.61,88.22,16.12,71.26,78.1,66.5,82.4,35.66,81.07,84.87,84.82,57.23
11,30,75.6,68,78.4,79,58,45.6,45,75.9,82.7,70.5,77.83,81.1,65.13,75.85,85.7,77.35,82.33,84.45,72.27,84.45,88.29,29.31,85.77,23.36,83.03,60.45,80.84,81.73,82.93,71.02
12,1,82.2,76.3,75.1,74.8,63.1,79.7,71.9,72.1,56.3,69.6,81.17,78.54,67.23,81.95,86.04,66.74,79.11,84.17,76.44,86.23,88.02,85.7,85.32,49.26,82.41,75.8,80.11,73.17,83.57,37.17
12,2,85.8,57.3,72.6,75.9,69.1,79.5,72.1,76.9,80.1,78.8,77.88,79.92,63.12,50.63,84.74,44.19,78.1,84.98,46.35,86.75,87.77,86.08,85.75,79.66,82,86.93,68.19,74.61,73.05,36.51
12,3,85,71.5,75.1,74.5,76.7,79,73.6,74.2,75.9,88.2,71.23,76.26,58.64,78.28,84.57,86.98,73.91,88.13,47.95,84.97,86.43,85.41,85.41,87.95,74.17,82.13,78.38,81.35,82.61,50.54
12,4,83.4,73,75.1,70.9,70.6,72.2,69.2,78.5,79.4,79.1,81.91,73.06,42.57,79.9,85.38,86.64,72.55,85.73,54.11,86.3,84.93,85.55,84.78,87.21,78.48,78.88,82.77,72.15,81.32,80.46
12,5,71,74.4,75,72.7,42.3,74.5,66.1,80.9,78.2,73.3,74.96,63.5,44.1,76.85,84.07,69.89,77.45,87.24,73.05,86.85,84.68,84.06,81.91,81.08,69.66,79.27,86.6,80.52,82.08,82.87
12,6,74.6,74.6,75.2,69.3,54.5,76.6,73.3,86.8,76.1,73.6,72.41,42.21,75.07,62.69,83.2,62.24,61.82,86.53,68.15,85.92,83.75,72.66,77.65,81.4,65.27,81.18,83.23,74.8,83.66,80.01
12,7,71.4,74.6,74,72.7,50.5,74,71.6,78.2,76.4,87,70.22,81.81,72.55,82.17,82.05,69.16,78.62,87.66,74.17,83.2,81.78,77.62,78.84,81.95,70.52,84.23,80.09,82.24,74.22,82.39
12,8,80.9,72.6,75.7,73.5,72.7,38.3,73.1,81,70.8,82.5,65.98,79.13,74.23,73.79,82.4,66.44,79.52,86.97,74.48,82.62,83.7,59.75,78.76,75.77,84,81.26,70.63,78.61,80.68,85.53
12,9,78.7,75.2,75.1,60.3,60,72.8,67.6,76.1,74.3,79.1,71.49,79.91,81.59,55.66,81.38,74.66,80.34,85.16,86.47,81.3,84.45,72.6,80.62,83.84,84.77,83.42,86.79,78.66,57.93,85.79
12,10,81.4,71.5,72.3,52.9,28.1,73.3,71.2,73,66.4,29.9,78.3,72.91,82.27,68.75,83.42,68.52,78.25,86.89,69.87,73.96,84.05,79.24,58.04,84.48,82.13,79.86,87.01,78.07,50.63,82.23
12,11,75.8,71.8,74.5,52.7,74,71.1,71.8,72,48.6,84.6,78.99,70.69,79.93,80.33,86.33,69.87,78.59,85.34,69.04,78.78,82.5,77.41,73.3,82.39,82.2,75.53,84.77,75.03,76.77,81.61
12,12,76.6,76,74.1,65.5,70.6,72.9,71.1,72.8,82.1,74.1,78.81,62.56,84.92,71.68,84.14,85.84,80.16,84.39,67.29,81.09,78.59,79.32,77.05,81.55,75.67,76.28,81.95,72.71,75.33,80.45
12,13,76.3,76.2,75.3,67.4,55.7,75.4,76.2,72.2,80.6,75.5,77.53,49.61,84.08,79.34,70.36,36.38,80.53,81.07,70.79,74.5,86.46,71.47,73.11,82.83,76.9,75.46,83.25,62.9,60.74,80.77
12,14,75.8,78.8,74,73.7,67.9,76.8,71,71.7,82.5,78.2,73.75,30.1,83.48,70.73,78.47,60.7,82.35,82.96,81.52,77.6,87.35,74.39,65.55,83.66,72.6,80.86,77.41,67.02,58.94,81.8
12,15,72.3,61,75,69.2,53.6,76.2,68.4,68.9,82.6,70.1,68.3,55.81,74.45,50.74,74.13,66.57,79.48,81.66,77.65,76.95,85.48,62.77,33.17,81.55,84.71,71.54,80,43.44,60.02,81.31
12,16,58.3,74.3,71.8,76,16,71.3,77.1,67.7,79.3,76.4,44.56,45.1,73.16,62.15,64.45,15.48,83.97,80.18,78.57,76.98,80.67,69.25,57.38,78.21,82.41,64.8,80.06,77.77,54.8,79.15
12,17,38,74.9,75.7,74.1,23.7,73.7,71.4,68.6,81.3,75.6,64.62,68.96,76.66,54.53,75.07,57.24,83.05,83.54,72.24,76.29,78.41,23.07,75.4,76.89,77.36,66.6,77.05,80.65,65.44,79.33
12,18,70.3,80.3,71.3,76,21.2,74.6,70.8,69.7,74.5,76.8,75.66,70.41,79.65,83.73,77.34,84.95,77.83,82.44,75.48,79.8,78.04,70.48,73.95,80.12,74.58,78.29,79.78,80.32,76.84,79.98
12,19,73.4,76.4,67.7,77.5,32.2,74.4,51.8,74,74.3,76,72.71,79.96,79.35,77.56,78.55,84.38,76.84,87.31,82.23,77.16,81.93,60.98,75.67,82.37,76.55,73.45,79.01,75.39,82.51,75.02
12,20,72.7,56.8,69.1,68,17.8,72.7,59.7,75,76.6,71.8,81.56,75.62,76.45,75.44,80.26,84.98,77.69,86.46,83.6,82.48,84.91,52.7,76.84,83.54,75.49,75.02,82.02,79.21,83.18,55.8
12,21,60.6,63.2,72.2,51.9,20.1,76,68.9,74.9,73.4,72.5,70.27,75.32,72.98,66.38,80.66,83.35,77.24,86.76,85.51,78.9,79.6,66.74,81.45,79.46,73.41,69.51,80.42,79.21,82.65,61.72
12,22,75.6,71.3,72,74.9,18.1,73,72.8,73.9,74.5,78.4,74.02,77.94,77.03,68.52,80.38,83.16,57.82,84.59,84.7,82.5,75.57,77.68,72.4,71.73,72.45,63.16,79.23,76.93,81.83,74.23
12,23,81,59.5,59.1,76.5,39.9,69.5,71.5,70.9,74.7,75.6,72.52,81.02,70.42,64.02,79.57,79.38,75.51,84.43,72.27,81.66,80.2,79.7,74.93,73.02,70.59,71.85,74.77,77.82,79.95,78.87
12,24,86,73.5,36.3,73.5,32.5,76.4,70.1,75.1,76.4,71.9,75.88,63.43,77.45,73.45,76.45,74.31,76.48,87.06,55.4,78.25,82.36,76.92,80.64,78.7,47,77.32,78.99,76.73,82.73,80.79
12,25,68.7,70,80.3,73.4,81,73.7,72.4,75,71.3,78.2,79.52,81.35,75.28,77.01,79.25,82.84,73.04,84.41,74.97,79.53,82.55,79.44,82.72,80.05,24.29,82.33,83.16,79.7,82.24,74.34
12,26,76.7,64,80.5,69.8,80.1,72,70.8,74,74.2,78,80.52,82.18,79.54,54.62,54.77,79.2,76.36,83.67,77.35,79.2,78.21,65.45,84.65,77.45,78.44,80.99,72.44,76.45,79.59,70.36
12,27,74.8,66.3,80.2,71.5,78.8,74.6,66.3,73.6,76.1,73,81.18,48.98,76.66,74.45,55.49,74.67,79.51,82.62,81.07,82.27,82.27,76.72,82.4,82.48,85.43,81.34,81.47,67.36,81.31,67.43
12,28,72.3,16.2,80.4,72.6,79.9,70.8,59.1,75.4,78.2,74.1,79.83,74.07,76.9,81.7,82.2,72.1,80.38,83.38,85.16,83.35,81.79,84.33,82.16,83.46,61.55,80.83,80.39,76.59,82.52,70.88
12,29,73.5,18.8,84.6,74.8,77.8,66.4,49.2,66.1,73.6,73.2,84.26,80.88,75.21,83.33,79.66,48.21,78.67,80.28,84.63,81.87,81.02,79.41,82.38,83.8,83.34,75.77,82.52,75.91,82.42,73.47
12,30,71.5,31.9,84.8,72.3,77.2,66.9,66,67.8,77,69.3,80.46,84.73,78.23,86.21,79.59,71.21,77.48,79.95,82.66,77.2,83.18,83.37,80.91,82.66,75.04,80.27,79.31,67.65,80.79,71.56
12,31,72.1,33.4,82.8,60.2,76.6,76,57.4,56.5,71,68.5,81.48,62.91,72.57,85.77,83.44,78.03,77.52,80.66,76.65,82.92,85.27,81.83,72.45,81.39,72.7,80.55,78.73,82.1,81.46,77.78
1,1,,27.3,,,,75.3,,,,69,,,,85.38,,,,82.2,,,,80.29,,,,85.61,,,,79.84
